origin,variety,process,acidity,body,sweetness,cup_total,source
Ethiopia,정보없음,Washed / Wet,1.0,0.976,1.0,90.58,CQI via jldbc/coffee-quality-database (arabica_data_cleaned)
Ethiopia,Other,Washed / Wet,0.951,0.952,1.0,89.92,CQI via jldbc/coffee-quality-database (arabica_data_cleaned)
Guatemala,Bourbon,정보없음,0.906,0.925,1.0,89.75,CQI via jldbc/coffee-quality-database (arabica_data_cleaned)
Ethiopia,정보없음,Natural / Dry,0.906,0.976,1.0,89.0,CQI via jldbc/coffee-quality-database (arabica_data_cleaned)
Ethiopia,Other,Washed / Wet,0.929,0.952,1.0,88.83,CQI via jldbc/coffee-quality-database (arabica_data_cleaned)
Brazil,정보없음,Natural / Dry,0.929,0.901,1.0,88.83,CQI via jldbc/coffee-quality-database (arabica_data_cleaned)
Peru,Other,Washed / Wet,0.929,0.901,1.0,88.75,CQI via jldbc/coffee-quality-database (arabica_data_cleaned)
Ethiopia,정보없음,정보없음,0.906,0.925,0.923,88.67,CQI via jldbc/coffee-quality-database (arabica_data_cleaned)
Ethiopia,정보없음,정보없음,0.906,0.925,0.923,88.42,CQI via jldbc/coffee-quality-database (arabica_data_cleaned)
Ethiopia,Other,Natural / Dry,0.929,0.727,1.0,88.25,CQI via jldbc/coffee-quality-database (arabica_data_cleaned)
Ethiopia,정보없음,Natural / Dry,0.929,0.751,1.0,88.08,CQI via jldbc/coffee-quality-database (arabica_data_cleaned)
United States,Other,Washed / Wet,0.88,0.85,1.0,87.92,CQI via jldbc/coffee-quality-database (arabica_data_cleaned)
United States,Other,Washed / Wet,0.906,0.826,1.0,87.92,CQI via jldbc/coffee-quality-database (arabica_data_cleaned)
United States (Hawaii),정보없음,정보없음,0.857,0.901,1.0,87.92,CQI via jldbc/coffee-quality-database (arabica_data_cleaned)
Ethiopia,정보없음,정보없음,0.857,1.0,0.923,87.83,CQI via jldbc/coffee-quality-database (arabica_data_cleaned)
United States,Other,Washed / Wet,0.834,0.877,1.0,87.58,CQI via jldbc/coffee-quality-database (arabica_data_cleaned)
Indonesia,정보없음,정보없음,0.714,0.976,1.0,87.42,CQI via jldbc/coffee-quality-database (arabica_data_cleaned)
Ethiopia,정보없음,정보없음,0.88,0.952,0.923,87.33,CQI via jldbc/coffee-quality-database (arabica_data_cleaned)
China,Catimor,Washed / Wet,0.834,0.802,1.0,87.25,CQI via jldbc/coffee-quality-database (arabica_data_cleaned)
Ethiopia,Ethiopian Yirgacheffe,Natural / Dry,0.834,0.85,1.0,87.25,CQI via jldbc/coffee-quality-database (arabica_data_cleaned)
United States,Other,Washed / Wet,0.929,0.901,1.0,87.25,CQI via jldbc/coffee-quality-database (arabica_data_cleaned)
Costa Rica,Caturra,Washed / Wet,0.834,0.826,1.0,87.17,CQI via jldbc/coffee-quality-database (arabica_data_cleaned)
Mexico,Other,Washed / Wet,0.786,0.775,1.0,87.17,CQI via jldbc/coffee-quality-database (arabica_data_cleaned)
United States,Other,Washed / Wet,0.834,0.775,1.0,87.08,CQI via jldbc/coffee-quality-database (arabica_data_cleaned)
Ethiopia,정보없음,Natural / Dry,0.834,0.925,1.0,87.08,CQI via jldbc/coffee-quality-database (arabica_data_cleaned)
Brazil,Bourbon,Natural / Dry,0.786,0.826,1.0,86.92,CQI via jldbc/coffee-quality-database (arabica_data_cleaned)
Ethiopia,정보없음,정보없음,0.834,0.877,1.0,86.92,CQI via jldbc/coffee-quality-database (arabica_data_cleaned)
Uganda,SL14,Washed / Wet,0.834,0.775,1.0,86.83,CQI via jldbc/coffee-quality-database (arabica_data_cleaned)
Honduras,Caturra,정보없음,0.786,0.85,1.0,86.67,CQI via jldbc/coffee-quality-database (arabica_data_cleaned)
Taiwan,Sumatra,Pulped natural / honey,0.857,0.826,1.0,86.58,CQI via jldbc/coffee-quality-database (arabica_data_cleaned)
Nicaragua,정보없음,정보없음,0.88,0.826,1.0,86.58,CQI via jldbc/coffee-quality-database (arabica_data_cleaned)
"Tanzania, United Republic Of",정보없음,Natural / Dry,0.786,0.7,1.0,86.5,CQI via jldbc/coffee-quality-database (arabica_data_cleaned)
Brazil,Bourbon,Natural / Dry,0.714,0.826,1.0,86.42,CQI via jldbc/coffee-quality-database (arabica_data_cleaned)
Costa Rica,Caturra,Washed / Wet,0.809,0.775,1.0,86.33,CQI via jldbc/coffee-quality-database (arabica_data_cleaned)
Ethiopia,정보없음,Natural / Dry,0.786,0.85,1.0,86.25,CQI via jldbc/coffee-quality-database (arabica_data_cleaned)
Kenya,SL34,Washed / Wet,0.857,0.802,1.0,86.25,CQI via jldbc/coffee-quality-database (arabica_data_cleaned)
United States (Hawaii),Hawaiian Kona,Natural / Dry,0.763,0.802,1.0,86.25,CQI via jldbc/coffee-quality-database (arabica_data_cleaned)
United States (Hawaii),정보없음,정보없음,0.714,0.727,1.0,86.25,CQI via jldbc/coffee-quality-database (arabica_data_cleaned)
Ethiopia,정보없음,정보없음,0.809,0.85,1.0,86.25,CQI via jldbc/coffee-quality-database (arabica_data_cleaned)
United States,Other,Washed / Wet,0.786,0.877,1.0,86.17,CQI via jldbc/coffee-quality-database (arabica_data_cleaned)
Thailand,Caturra,Washed / Wet,0.857,0.7,1.0,86.17,CQI via jldbc/coffee-quality-database (arabica_data_cleaned)
Brazil,Yellow Bourbon,정보없음,0.714,0.925,1.0,86.17,CQI via jldbc/coffee-quality-database (arabica_data_cleaned)
Brazil,Yellow Bourbon,정보없음,0.714,0.802,1.0,86.17,CQI via jldbc/coffee-quality-database (arabica_data_cleaned)
Taiwan,Bourbon,Semi-washed / Semi-pulped,0.809,0.751,1.0,86.08,CQI via jldbc/coffee-quality-database (arabica_data_cleaned)
Kenya,SL28,Natural / Dry,0.786,0.775,1.0,86.08,CQI via jldbc/coffee-quality-database (arabica_data_cleaned)
Brazil,Bourbon,Semi-washed / Semi-pulped,0.786,0.751,1.0,86.08,CQI via jldbc/coffee-quality-database (arabica_data_cleaned)
Uganda,정보없음,Semi-washed / Semi-pulped,0.763,0.85,1.0,86.0,CQI via jldbc/coffee-quality-database (arabica_data_cleaned)
Colombia,Caturra,Washed / Wet,0.809,0.85,1.0,86.0,CQI via jldbc/coffee-quality-database (arabica_data_cleaned)
Kenya,SL28,Washed / Wet,0.929,0.676,1.0,86.0,CQI via jldbc/coffee-quality-database (arabica_data_cleaned)
Uganda,Other,Washed / Wet,0.809,0.826,1.0,86.0,CQI via jldbc/coffee-quality-database (arabica_data_cleaned)
Ethiopia,정보없음,정보없음,0.857,0.826,1.0,86.0,CQI via jldbc/coffee-quality-database (arabica_data_cleaned)
United States (Hawaii),정보없음,정보없음,0.786,0.751,1.0,86.0,CQI via jldbc/coffee-quality-database (arabica_data_cleaned)
Guatemala,Bourbon,Washed / Wet,0.809,0.85,1.0,85.92,CQI via jldbc/coffee-quality-database (arabica_data_cleaned)
Uganda,SL14,Natural / Dry,0.809,0.775,1.0,85.92,CQI via jldbc/coffee-quality-database (arabica_data_cleaned)
Colombia,Caturra,Washed / Wet,0.834,0.775,1.0,85.92,CQI via jldbc/coffee-quality-database (arabica_data_cleaned)
Panama,Gesha,Washed / Wet,0.809,0.775,1.0,85.83,CQI via jldbc/coffee-quality-database (arabica_data_cleaned)
Ethiopia,정보없음,Washed / Wet,0.809,0.826,1.0,85.83,CQI via jldbc/coffee-quality-database (arabica_data_cleaned)
Guatemala,Bourbon,Washed / Wet,0.834,0.775,1.0,85.83,CQI via jldbc/coffee-quality-database (arabica_data_cleaned)
Guatemala,Catuai,Washed / Wet,0.88,0.775,1.0,85.83,CQI via jldbc/coffee-quality-database (arabica_data_cleaned)
Ethiopia,Caturra,Natural / Dry,0.834,0.802,1.0,85.75,CQI via jldbc/coffee-quality-database (arabica_data_cleaned)
Peru,정보없음,Washed / Wet,0.809,0.802,1.0,85.75,CQI via jldbc/coffee-quality-database (arabica_data_cleaned)
Papua New Guinea,정보없음,Washed / Wet,0.88,0.826,1.0,85.75,CQI via jldbc/coffee-quality-database (arabica_data_cleaned)
El Salvador,Bourbon,Washed / Wet,0.763,0.751,1.0,85.58,CQI via jldbc/coffee-quality-database (arabica_data_cleaned)
El Salvador,Bourbon,Semi-washed / Semi-pulped,0.714,0.802,1.0,85.58,CQI via jldbc/coffee-quality-database (arabica_data_cleaned)
United States (Hawaii),Hawaiian Kona,Natural / Dry,0.714,0.85,1.0,85.58,CQI via jldbc/coffee-quality-database (arabica_data_cleaned)
Panama,Caturra,Natural / Dry,0.737,0.727,1.0,85.5,CQI via jldbc/coffee-quality-database (arabica_data_cleaned)
Kenya,SL28,Natural / Dry,0.809,0.775,1.0,85.5,CQI via jldbc/coffee-quality-database (arabica_data_cleaned)
Ethiopia,Other,Natural / Dry,0.763,0.775,1.0,85.5,CQI via jldbc/coffee-quality-database (arabica_data_cleaned)
Uganda,SL14,Washed / Wet,0.763,0.727,1.0,85.5,CQI via jldbc/coffee-quality-database (arabica_data_cleaned)
Guatemala,Bourbon,Washed / Wet,0.88,0.775,1.0,85.5,CQI via jldbc/coffee-quality-database (arabica_data_cleaned)
Ethiopia,정보없음,Washed / Wet,0.834,0.802,1.0,85.42,CQI via jldbc/coffee-quality-database (arabica_data_cleaned)
Uganda,SL14,Washed / Wet,0.691,0.826,1.0,85.42,CQI via jldbc/coffee-quality-database (arabica_data_cleaned)
United States (Hawaii),Hawaiian Kona,Natural / Dry,0.763,0.751,1.0,85.42,CQI via jldbc/coffee-quality-database (arabica_data_cleaned)
Brazil,Bourbon,Semi-washed / Semi-pulped,0.691,0.751,1.0,85.42,CQI via jldbc/coffee-quality-database (arabica_data_cleaned)
El Salvador,정보없음,정보없음,0.809,0.775,1.0,85.42,CQI via jldbc/coffee-quality-database (arabica_data_cleaned)
China,Catimor,Natural / Dry,0.737,0.775,1.0,85.33,CQI via jldbc/coffee-quality-database (arabica_data_cleaned)
Guatemala,Pacamara,Natural / Dry,0.691,0.775,1.0,85.33,CQI via jldbc/coffee-quality-database (arabica_data_cleaned)
Costa Rica,Caturra,Washed / Wet,0.763,0.826,0.923,85.33,CQI via jldbc/coffee-quality-database (arabica_data_cleaned)
Costa Rica,Caturra,Washed / Wet,0.691,0.85,1.0,85.33,CQI via jldbc/coffee-quality-database (arabica_data_cleaned)
Kenya,SL34,Washed / Wet,0.809,0.802,1.0,85.33,CQI via jldbc/coffee-quality-database (arabica_data_cleaned)
Kenya,SL34,Washed / Wet,0.809,0.775,1.0,85.33,CQI via jldbc/coffee-quality-database (arabica_data_cleaned)
Ethiopia,정보없음,정보없음,0.809,0.751,1.0,85.33,CQI via jldbc/coffee-quality-database (arabica_data_cleaned)
Ethiopia,Typica,정보없음,0.88,0.751,1.0,85.33,CQI via jldbc/coffee-quality-database (arabica_data_cleaned)
Guatemala,Bourbon,정보없음,0.786,0.802,1.0,85.25,CQI via jldbc/coffee-quality-database (arabica_data_cleaned)
Colombia,Caturra,Washed / Wet,0.786,0.7,1.0,85.25,CQI via jldbc/coffee-quality-database (arabica_data_cleaned)
Colombia,Caturra,Natural / Dry,0.737,0.826,1.0,85.25,CQI via jldbc/coffee-quality-database (arabica_data_cleaned)
Indonesia,Sumatra Lintong,Semi-washed / Semi-pulped,0.786,0.85,1.0,85.17,CQI via jldbc/coffee-quality-database (arabica_data_cleaned)
Guatemala,Caturra,Washed / Wet,0.763,0.751,1.0,85.17,CQI via jldbc/coffee-quality-database (arabica_data_cleaned)
Ethiopia,Other,Natural / Dry,0.786,0.826,1.0,85.08,CQI via jldbc/coffee-quality-database (arabica_data_cleaned)
Colombia,Caturra,Natural / Dry,0.809,0.826,1.0,85.08,CQI via jldbc/coffee-quality-database (arabica_data_cleaned)
Ethiopia,정보없음,Natural / Dry,0.786,0.802,1.0,85.08,CQI via jldbc/coffee-quality-database (arabica_data_cleaned)
United States (Hawaii),Hawaiian Kona,Natural / Dry,0.763,0.775,1.0,85.08,CQI via jldbc/coffee-quality-database (arabica_data_cleaned)
Colombia,Caturra,Natural / Dry,0.714,0.775,1.0,85.08,CQI via jldbc/coffee-quality-database (arabica_data_cleaned)
United States (Hawaii),정보없음,정보없음,0.786,0.85,1.0,85.08,CQI via jldbc/coffee-quality-database (arabica_data_cleaned)
Ethiopia,정보없음,정보없음,0.786,0.802,1.0,85.08,CQI via jldbc/coffee-quality-database (arabica_data_cleaned)
United States (Hawaii),정보없음,정보없음,0.737,0.802,1.0,85.08,CQI via jldbc/coffee-quality-database (arabica_data_cleaned)
Uganda,SL14,Washed / Wet,0.714,0.727,1.0,85.0,CQI via jldbc/coffee-quality-database (arabica_data_cleaned)
Colombia,Caturra,Washed / Wet,0.763,0.751,1.0,85.0,CQI via jldbc/coffee-quality-database (arabica_data_cleaned)
Costa Rica,Catuai,Washed / Wet,0.763,0.802,1.0,85.0,CQI via jldbc/coffee-quality-database (arabica_data_cleaned)
Mexico,Typica,Washed / Wet,0.714,0.727,1.0,85.0,CQI via jldbc/coffee-quality-database (arabica_data_cleaned)
Kenya,정보없음,Washed / Wet,0.714,0.727,1.0,85.0,CQI via jldbc/coffee-quality-database (arabica_data_cleaned)
Kenya,SL34,Washed / Wet,0.809,0.826,1.0,85.0,CQI via jldbc/coffee-quality-database (arabica_data_cleaned)
Brazil,Mundo Novo,Natural / Dry,0.737,0.727,1.0,85.0,CQI via jldbc/coffee-quality-database (arabica_data_cleaned)
Mexico,Pacamara,정보없음,0.809,0.652,1.0,85.0,CQI via jldbc/coffee-quality-database (arabica_data_cleaned)
United States (Hawaii),정보없음,정보없음,0.714,0.826,1.0,85.0,CQI via jldbc/coffee-quality-database (arabica_data_cleaned)
Guatemala,정보없음,정보없음,0.786,0.751,1.0,85.0,CQI via jldbc/coffee-quality-database (arabica_data_cleaned)
Colombia,Caturra,Washed / Wet,0.737,0.802,1.0,84.92,CQI via jldbc/coffee-quality-database (arabica_data_cleaned)
Colombia,Caturra,Washed / Wet,0.737,0.751,1.0,84.92,CQI via jldbc/coffee-quality-database (arabica_data_cleaned)
Taiwan,Typica,Semi-washed / Semi-pulped,0.666,0.826,1.0,84.92,CQI via jldbc/coffee-quality-database (arabica_data_cleaned)
"Tanzania, United Republic Of",Other,Washed / Wet,0.763,0.751,1.0,84.92,CQI via jldbc/coffee-quality-database (arabica_data_cleaned)
Colombia,Caturra,Washed / Wet,0.714,0.751,1.0,84.92,CQI via jldbc/coffee-quality-database (arabica_data_cleaned)
Mexico,Typica,Semi-washed / Semi-pulped,0.737,0.676,1.0,84.92,CQI via jldbc/coffee-quality-database (arabica_data_cleaned)
Brazil,Bourbon,Natural / Dry,0.714,0.826,1.0,84.92,CQI via jldbc/coffee-quality-database (arabica_data_cleaned)
Brazil,Catuai,Natural / Dry,0.786,0.676,1.0,84.92,CQI via jldbc/coffee-quality-database (arabica_data_cleaned)
Kenya,정보없음,정보없음,0.834,0.802,1.0,84.92,CQI via jldbc/coffee-quality-database (arabica_data_cleaned)
Taiwan,Typica,Natural / Dry,0.737,0.775,1.0,84.83,CQI via jldbc/coffee-quality-database (arabica_data_cleaned)
Uganda,SL14,Natural / Dry,0.691,0.901,1.0,84.83,CQI via jldbc/coffee-quality-database (arabica_data_cleaned)
United States (Hawaii),Hawaiian Kona,Natural / Dry,0.714,0.775,1.0,84.83,CQI via jldbc/coffee-quality-database (arabica_data_cleaned)
Ethiopia,정보없음,정보없음,0.763,0.751,1.0,84.83,CQI via jldbc/coffee-quality-database (arabica_data_cleaned)
Ethiopia,정보없음,정보없음,0.786,0.775,1.0,84.83,CQI via jldbc/coffee-quality-database (arabica_data_cleaned)
Thailand,Caturra,Pulped natural / honey,0.714,0.826,1.0,84.75,CQI via jldbc/coffee-quality-database (arabica_data_cleaned)
Kenya,SL34,Washed / Wet,0.763,0.751,1.0,84.75,CQI via jldbc/coffee-quality-database (arabica_data_cleaned)
Honduras,Catuai,Washed / Wet,0.691,0.727,1.0,84.75,CQI via jldbc/coffee-quality-database (arabica_data_cleaned)
El Salvador,정보없음,정보없음,0.88,0.727,0.923,84.75,CQI via jldbc/coffee-quality-database (arabica_data_cleaned)
Nicaragua,정보없음,정보없음,0.737,0.751,1.0,84.75,CQI via jldbc/coffee-quality-database (arabica_data_cleaned)
El Salvador,Bourbon,Washed / Wet,0.786,0.775,1.0,84.67,CQI via jldbc/coffee-quality-database (arabica_data_cleaned)
Indonesia,Java,Washed / Wet,0.714,0.751,1.0,84.67,CQI via jldbc/coffee-quality-database (arabica_data_cleaned)
Japan,Mundo Novo,Pulped natural / honey,0.62,0.85,1.0,84.67,CQI via jldbc/coffee-quality-database (arabica_data_cleaned)
Costa Rica,Catuai,Washed / Wet,0.737,0.676,1.0,84.67,CQI via jldbc/coffee-quality-database (arabica_data_cleaned)
Guatemala,Bourbon,Washed / Wet,0.786,0.802,1.0,84.67,CQI via jldbc/coffee-quality-database (arabica_data_cleaned)
Costa Rica,Caturra,Washed / Wet,0.549,0.775,1.0,84.67,CQI via jldbc/coffee-quality-database (arabica_data_cleaned)
Ethiopia,Ethiopian Yirgacheffe,Washed / Wet,0.737,0.7,1.0,84.67,CQI via jldbc/coffee-quality-database (arabica_data_cleaned)
Costa Rica,Other,Other,0.714,0.727,1.0,84.67,CQI via jldbc/coffee-quality-database (arabica_data_cleaned)
Costa Rica,Catuai,Washed / Wet,0.714,0.751,1.0,84.67,CQI via jldbc/coffee-quality-database (arabica_data_cleaned)
Costa Rica,정보없음,Washed / Wet,0.737,0.802,0.923,84.67,CQI via jldbc/coffee-quality-database (arabica_data_cleaned)
Taiwan,Typica,Washed / Wet,0.714,0.751,1.0,84.67,CQI via jldbc/coffee-quality-database (arabica_data_cleaned)
Colombia,Caturra,Washed / Wet,0.737,0.751,1.0,84.67,CQI via jldbc/coffee-quality-database (arabica_data_cleaned)
Kenya,SL28,Washed / Wet,0.786,0.7,1.0,84.67,CQI via jldbc/coffee-quality-database (arabica_data_cleaned)
Guatemala,Bourbon,Washed / Wet,0.737,0.727,1.0,84.67,CQI via jldbc/coffee-quality-database (arabica_data_cleaned)
Guatemala,Bourbon,Washed / Wet,0.786,0.727,1.0,84.67,CQI via jldbc/coffee-quality-database (arabica_data_cleaned)
Mexico,Typica,Washed / Wet,0.763,0.802,1.0,84.67,CQI via jldbc/coffee-quality-database (arabica_data_cleaned)
Uganda,Other,Washed / Wet,0.763,0.727,1.0,84.67,CQI via jldbc/coffee-quality-database (arabica_data_cleaned)
Peru,정보없음,정보없음,0.714,0.802,1.0,84.67,CQI via jldbc/coffee-quality-database (arabica_data_cleaned)
Ethiopia,정보없음,정보없음,0.786,0.826,1.0,84.67,CQI via jldbc/coffee-quality-database (arabica_data_cleaned)
Kenya,SL34,Washed / Wet,0.714,0.7,1.0,84.58,CQI via jldbc/coffee-quality-database (arabica_data_cleaned)
Colombia,Other,Washed / Wet,0.763,0.727,1.0,84.58,CQI via jldbc/coffee-quality-database (arabica_data_cleaned)
Colombia,Caturra,Washed / Wet,0.786,0.775,1.0,84.58,CQI via jldbc/coffee-quality-database (arabica_data_cleaned)
Kenya,Peaberry,Washed / Wet,0.714,0.7,1.0,84.58,CQI via jldbc/coffee-quality-database (arabica_data_cleaned)
Guatemala,Pacas,Washed / Wet,0.763,0.751,1.0,84.58,CQI via jldbc/coffee-quality-database (arabica_data_cleaned)
Guatemala,Bourbon,Washed / Wet,0.666,0.7,1.0,84.58,CQI via jldbc/coffee-quality-database (arabica_data_cleaned)
Colombia,Caturra,Washed / Wet,0.714,0.7,1.0,84.58,CQI via jldbc/coffee-quality-database (arabica_data_cleaned)
Colombia,Caturra,Washed / Wet,0.714,0.7,1.0,84.58,CQI via jldbc/coffee-quality-database (arabica_data_cleaned)
Kenya,SL28,Washed / Wet,0.809,0.751,1.0,84.58,CQI via jldbc/coffee-quality-database (arabica_data_cleaned)
Colombia,Caturra,Washed / Wet,0.786,0.7,1.0,84.58,CQI via jldbc/coffee-quality-database (arabica_data_cleaned)
Costa Rica,Bourbon,Semi-washed / Semi-pulped,0.786,0.775,1.0,84.58,CQI via jldbc/coffee-quality-database (arabica_data_cleaned)
Colombia,Caturra,Washed / Wet,0.714,0.85,1.0,84.58,CQI via jldbc/coffee-quality-database (arabica_data_cleaned)
Brazil,Bourbon,Semi-washed / Semi-pulped,0.714,0.7,1.0,84.58,CQI via jldbc/coffee-quality-database (arabica_data_cleaned)
Brazil,Catuai,Semi-washed / Semi-pulped,0.714,0.676,1.0,84.58,CQI via jldbc/coffee-quality-database (arabica_data_cleaned)
Costa Rica,Caturra,Washed / Wet,0.714,0.727,1.0,84.5,CQI via jldbc/coffee-quality-database (arabica_data_cleaned)
Uganda,SL14,Washed / Wet,0.714,0.775,1.0,84.5,CQI via jldbc/coffee-quality-database (arabica_data_cleaned)
China,Catimor,Washed / Wet,0.737,0.751,1.0,84.5,CQI via jldbc/coffee-quality-database (arabica_data_cleaned)
Costa Rica,Caturra,Washed / Wet,0.737,0.7,1.0,84.5,CQI via jldbc/coffee-quality-database (arabica_data_cleaned)
Colombia,Other,Washed / Wet,0.737,0.727,1.0,84.5,CQI via jldbc/coffee-quality-database (arabica_data_cleaned)
China,Other,Washed / Wet,0.737,0.751,1.0,84.5,CQI via jldbc/coffee-quality-database (arabica_data_cleaned)
Guatemala,Bourbon,Washed / Wet,0.737,0.727,1.0,84.5,CQI via jldbc/coffee-quality-database (arabica_data_cleaned)
Kenya,SL28,Washed / Wet,0.786,0.727,1.0,84.5,CQI via jldbc/coffee-quality-database (arabica_data_cleaned)
Mexico,Typica,Washed / Wet,0.809,0.676,1.0,84.5,CQI via jldbc/coffee-quality-database (arabica_data_cleaned)
Mexico,Typica,Washed / Wet,0.714,0.751,1.0,84.5,CQI via jldbc/coffee-quality-database (arabica_data_cleaned)
Guatemala,Bourbon,Washed / Wet,0.786,0.676,1.0,84.5,CQI via jldbc/coffee-quality-database (arabica_data_cleaned)
Brazil,정보없음,정보없음,0.714,0.64,1.0,84.5,CQI via jldbc/coffee-quality-database (arabica_data_cleaned)
Brazil,정보없음,정보없음,0.714,0.727,1.0,84.5,CQI via jldbc/coffee-quality-database (arabica_data_cleaned)
Costa Rica,Caturra,Washed / Wet,0.786,0.727,1.0,84.42,CQI via jldbc/coffee-quality-database (arabica_data_cleaned)
Indonesia,Mandheling,Other,0.666,0.775,1.0,84.42,CQI via jldbc/coffee-quality-database (arabica_data_cleaned)
Colombia,Caturra,Natural / Dry,0.691,0.802,1.0,84.42,CQI via jldbc/coffee-quality-database (arabica_data_cleaned)
Colombia,Caturra,Washed / Wet,0.763,0.727,1.0,84.42,CQI via jldbc/coffee-quality-database (arabica_data_cleaned)
Taiwan,Typica,Washed / Wet,0.786,0.676,1.0,84.42,CQI via jldbc/coffee-quality-database (arabica_data_cleaned)
United States (Hawaii),Hawaiian Kona,Natural / Dry,0.737,0.676,1.0,84.42,CQI via jldbc/coffee-quality-database (arabica_data_cleaned)
Mexico,Pacamara,Washed / Wet,0.691,0.775,1.0,84.42,CQI via jldbc/coffee-quality-database (arabica_data_cleaned)
Ethiopia,정보없음,정보없음,0.763,0.802,1.0,84.42,CQI via jldbc/coffee-quality-database (arabica_data_cleaned)
Kenya,SL28,Washed / Wet,0.714,0.751,1.0,84.33,CQI via jldbc/coffee-quality-database (arabica_data_cleaned)
Honduras,Caturra,정보없음,0.691,0.727,1.0,84.33,CQI via jldbc/coffee-quality-database (arabica_data_cleaned)
Colombia,Caturra,Washed / Wet,0.737,0.727,1.0,84.33,CQI via jldbc/coffee-quality-database (arabica_data_cleaned)
Honduras,Catuai,Washed / Wet,0.714,0.802,1.0,84.33,CQI via jldbc/coffee-quality-database (arabica_data_cleaned)
Colombia,정보없음,정보없음,0.737,0.751,1.0,84.33,CQI via jldbc/coffee-quality-database (arabica_data_cleaned)
Colombia,Caturra,Natural / Dry,0.691,0.85,1.0,84.33,CQI via jldbc/coffee-quality-database (arabica_data_cleaned)
Colombia,Caturra,Washed / Wet,0.737,0.7,1.0,84.33,CQI via jldbc/coffee-quality-database (arabica_data_cleaned)
Mexico,Typica,Washed / Wet,0.737,0.676,1.0,84.33,CQI via jldbc/coffee-quality-database (arabica_data_cleaned)
Brazil,Yellow Bourbon,정보없음,0.714,0.676,1.0,84.33,CQI via jldbc/coffee-quality-database (arabica_data_cleaned)
Brazil,정보없음,정보없음,0.643,0.727,1.0,84.33,CQI via jldbc/coffee-quality-database (arabica_data_cleaned)
Ethiopia,정보없음,정보없음,0.714,0.676,1.0,84.33,CQI via jldbc/coffee-quality-database (arabica_data_cleaned)
Guatemala,정보없음,정보없음,0.691,0.802,1.0,84.33,CQI via jldbc/coffee-quality-database (arabica_data_cleaned)
Taiwan,Typica,Washed / Wet,0.691,0.727,1.0,84.25,CQI via jldbc/coffee-quality-database (arabica_data_cleaned)
Thailand,Catimor,Natural / Dry,0.62,0.775,1.0,84.25,CQI via jldbc/coffee-quality-database (arabica_data_cleaned)
Colombia,Caturra,Natural / Dry,0.666,0.727,1.0,84.25,CQI via jldbc/coffee-quality-database (arabica_data_cleaned)
Guatemala,Caturra,Washed / Wet,0.763,0.751,1.0,84.25,CQI via jldbc/coffee-quality-database (arabica_data_cleaned)
Guatemala,Caturra,Washed / Wet,0.809,0.7,1.0,84.25,CQI via jldbc/coffee-quality-database (arabica_data_cleaned)
China,Catimor,Natural / Dry,0.714,0.751,1.0,84.25,CQI via jldbc/coffee-quality-database (arabica_data_cleaned)
Colombia,Caturra,Washed / Wet,0.714,0.727,1.0,84.25,CQI via jldbc/coffee-quality-database (arabica_data_cleaned)
Colombia,Caturra,Washed / Wet,0.666,0.802,1.0,84.25,CQI via jldbc/coffee-quality-database (arabica_data_cleaned)
Colombia,Other,Washed / Wet,0.666,0.727,1.0,84.25,CQI via jldbc/coffee-quality-database (arabica_data_cleaned)
Colombia,Caturra,Natural / Dry,0.714,0.802,1.0,84.25,CQI via jldbc/coffee-quality-database (arabica_data_cleaned)
"Tanzania, United Republic Of",Other,Washed / Wet,0.737,0.727,1.0,84.25,CQI via jldbc/coffee-quality-database (arabica_data_cleaned)
"Tanzania, United Republic Of",Other,Washed / Wet,0.714,0.727,1.0,84.25,CQI via jldbc/coffee-quality-database (arabica_data_cleaned)
Guatemala,Bourbon,Other,0.763,0.7,1.0,84.25,CQI via jldbc/coffee-quality-database (arabica_data_cleaned)
Colombia,Caturra,Washed / Wet,0.737,0.802,1.0,84.25,CQI via jldbc/coffee-quality-database (arabica_data_cleaned)
United States (Hawaii),Hawaiian Kona,Natural / Dry,0.763,0.802,0.923,84.25,CQI via jldbc/coffee-quality-database (arabica_data_cleaned)
Mexico,Typica,Semi-washed / Semi-pulped,0.737,0.676,1.0,84.25,CQI via jldbc/coffee-quality-database (arabica_data_cleaned)
Mexico,Bourbon,Washed / Wet,0.691,0.775,1.0,84.25,CQI via jldbc/coffee-quality-database (arabica_data_cleaned)
Mexico,Bourbon,Washed / Wet,0.714,0.676,1.0,84.25,CQI via jldbc/coffee-quality-database (arabica_data_cleaned)
Uganda,Other,Natural / Dry,0.691,0.775,1.0,84.25,CQI via jldbc/coffee-quality-database (arabica_data_cleaned)
Guatemala,Bourbon,Washed / Wet,0.737,0.727,1.0,84.17,CQI via jldbc/coffee-quality-database (arabica_data_cleaned)
Colombia,Caturra,Washed / Wet,0.691,0.751,1.0,84.17,CQI via jldbc/coffee-quality-database (arabica_data_cleaned)
Costa Rica,Caturra,Washed / Wet,0.691,0.676,1.0,84.17,CQI via jldbc/coffee-quality-database (arabica_data_cleaned)
Guatemala,Caturra,Washed / Wet,0.786,0.727,1.0,84.17,CQI via jldbc/coffee-quality-database (arabica_data_cleaned)
Guatemala,Caturra,Washed / Wet,0.763,0.727,1.0,84.17,CQI via jldbc/coffee-quality-database (arabica_data_cleaned)
Guatemala,Bourbon,Washed / Wet,0.737,0.775,1.0,84.17,CQI via jldbc/coffee-quality-database (arabica_data_cleaned)
Colombia,Caturra,Washed / Wet,0.691,0.826,1.0,84.17,CQI via jldbc/coffee-quality-database (arabica_data_cleaned)
Nicaragua,Caturra,Natural / Dry,0.643,0.727,1.0,84.17,CQI via jldbc/coffee-quality-database (arabica_data_cleaned)
Brazil,Catuai,Natural / Dry,0.691,0.775,1.0,84.17,CQI via jldbc/coffee-quality-database (arabica_data_cleaned)
Costa Rica,Caturra,Washed / Wet,0.714,0.676,1.0,84.17,CQI via jldbc/coffee-quality-database (arabica_data_cleaned)
Ethiopia,Gesha,Natural / Dry,0.737,0.751,1.0,84.17,CQI via jldbc/coffee-quality-database (arabica_data_cleaned)
"Tanzania, United Republic Of",Other,Washed / Wet,0.714,0.751,1.0,84.17,CQI via jldbc/coffee-quality-database (arabica_data_cleaned)
Colombia,Other,Washed / Wet,0.62,0.775,1.0,84.17,CQI via jldbc/coffee-quality-database (arabica_data_cleaned)
Guatemala,정보없음,Washed / Wet,0.714,0.751,1.0,84.17,CQI via jldbc/coffee-quality-database (arabica_data_cleaned)
Kenya,SL28,Washed / Wet,0.714,0.751,1.0,84.17,CQI via jldbc/coffee-quality-database (arabica_data_cleaned)
Brazil,Mundo Novo,Natural / Dry,0.691,0.727,1.0,84.17,CQI via jldbc/coffee-quality-database (arabica_data_cleaned)
Guatemala,Bourbon,Washed / Wet,0.691,0.775,1.0,84.17,CQI via jldbc/coffee-quality-database (arabica_data_cleaned)
El Salvador,Bourbon,Natural / Dry,0.549,0.7,1.0,84.17,CQI via jldbc/coffee-quality-database (arabica_data_cleaned)
Colombia,Caturra,Washed / Wet,0.714,0.775,1.0,84.17,CQI via jldbc/coffee-quality-database (arabica_data_cleaned)
Guatemala,Catuai,Natural / Dry,0.786,0.775,1.0,84.17,CQI via jldbc/coffee-quality-database (arabica_data_cleaned)
Uganda,Other,Washed / Wet,0.737,0.775,1.0,84.17,CQI via jldbc/coffee-quality-database (arabica_data_cleaned)
Indonesia,Mandheling,Natural / Dry,0.714,0.715,1.0,84.13,CQI via jldbc/coffee-quality-database (arabica_data_cleaned)
Colombia,Caturra,Washed / Wet,0.643,0.775,1.0,84.08,CQI via jldbc/coffee-quality-database (arabica_data_cleaned)
Taiwan,Typica,Washed / Wet,0.691,0.751,1.0,84.08,CQI via jldbc/coffee-quality-database (arabica_data_cleaned)
Guatemala,Bourbon,Washed / Wet,0.666,0.802,1.0,84.08,CQI via jldbc/coffee-quality-database (arabica_data_cleaned)
Colombia,Caturra,Washed / Wet,0.714,0.727,1.0,84.08,CQI via jldbc/coffee-quality-database (arabica_data_cleaned)
Guatemala,Bourbon,Washed / Wet,0.786,0.751,1.0,84.08,CQI via jldbc/coffee-quality-database (arabica_data_cleaned)
United States (Hawaii),Hawaiian Kona,Natural / Dry,0.737,0.652,1.0,84.08,CQI via jldbc/coffee-quality-database (arabica_data_cleaned)
Mexico,Typica,Washed / Wet,0.714,0.727,1.0,84.08,CQI via jldbc/coffee-quality-database (arabica_data_cleaned)
Ethiopia,Other,Natural / Dry,0.786,0.802,0.847,84.08,CQI via jldbc/coffee-quality-database (arabica_data_cleaned)
Costa Rica,정보없음,Washed / Wet,0.714,0.775,1.0,84.0,CQI via jldbc/coffee-quality-database (arabica_data_cleaned)
Ethiopia,Gesha,Natural / Dry,0.714,0.625,1.0,84.0,CQI via jldbc/coffee-quality-database (arabica_data_cleaned)
Honduras,Caturra,Washed / Wet,0.763,0.751,1.0,84.0,CQI via jldbc/coffee-quality-database (arabica_data_cleaned)
Guatemala,Caturra,Washed / Wet,0.763,0.751,1.0,84.0,CQI via jldbc/coffee-quality-database (arabica_data_cleaned)
Colombia,Other,Washed / Wet,0.666,0.7,1.0,84.0,CQI via jldbc/coffee-quality-database (arabica_data_cleaned)
Guatemala,Bourbon,Natural / Dry,0.763,0.751,1.0,84.0,CQI via jldbc/coffee-quality-database (arabica_data_cleaned)
Guatemala,Bourbon,Other,0.737,0.7,1.0,84.0,CQI via jldbc/coffee-quality-database (arabica_data_cleaned)
Colombia,정보없음,Washed / Wet,0.691,0.727,1.0,84.0,CQI via jldbc/coffee-quality-database (arabica_data_cleaned)
Colombia,Caturra,Natural / Dry,0.763,0.751,1.0,84.0,CQI via jldbc/coffee-quality-database (arabica_data_cleaned)
Colombia,Caturra,Washed / Wet,0.643,0.727,1.0,84.0,CQI via jldbc/coffee-quality-database (arabica_data_cleaned)
Ethiopia,Other,Natural / Dry,0.666,0.727,1.0,84.0,CQI via jldbc/coffee-quality-database (arabica_data_cleaned)
Brazil,Yellow Bourbon,Natural / Dry,0.571,0.826,1.0,84.0,CQI via jldbc/coffee-quality-database (arabica_data_cleaned)
Colombia,Caturra,Washed / Wet,0.714,0.727,1.0,84.0,CQI via jldbc/coffee-quality-database (arabica_data_cleaned)
Kenya,SL34,Washed / Wet,0.714,0.802,1.0,84.0,CQI via jldbc/coffee-quality-database (arabica_data_cleaned)
Thailand,Other,Washed / Wet,0.906,0.85,0.923,84.0,CQI via jldbc/coffee-quality-database (arabica_data_cleaned)
Kenya,SL28,Washed / Wet,0.714,0.775,1.0,84.0,CQI via jldbc/coffee-quality-database (arabica_data_cleaned)
Uganda,Other,Washed / Wet,0.691,0.727,1.0,84.0,CQI via jldbc/coffee-quality-database (arabica_data_cleaned)
Thailand,정보없음,정보없음,0.714,0.7,1.0,84.0,CQI via jldbc/coffee-quality-database (arabica_data_cleaned)
Brazil,Bourbon,Natural / Dry,0.643,0.7,1.0,83.92,CQI via jldbc/coffee-quality-database (arabica_data_cleaned)
Mexico,Mundo Novo,Washed / Wet,0.763,0.652,1.0,83.92,CQI via jldbc/coffee-quality-database (arabica_data_cleaned)
Thailand,Catimor,Natural / Dry,0.691,0.727,1.0,83.92,CQI via jldbc/coffee-quality-database (arabica_data_cleaned)
Brazil,Bourbon,Natural / Dry,0.714,0.7,1.0,83.92,CQI via jldbc/coffee-quality-database (arabica_data_cleaned)
Taiwan,Typica,Washed / Wet,0.714,0.775,1.0,83.92,CQI via jldbc/coffee-quality-database (arabica_data_cleaned)
Colombia,정보없음,정보없음,0.714,0.775,1.0,83.92,CQI via jldbc/coffee-quality-database (arabica_data_cleaned)
Colombia,정보없음,정보없음,0.737,0.751,1.0,83.92,CQI via jldbc/coffee-quality-database (arabica_data_cleaned)
Taiwan,정보없음,Natural / Dry,0.714,0.751,1.0,83.92,CQI via jldbc/coffee-quality-database (arabica_data_cleaned)
Colombia,정보없음,Washed / Wet,0.737,0.7,1.0,83.92,CQI via jldbc/coffee-quality-database (arabica_data_cleaned)
Colombia,정보없음,Washed / Wet,0.666,0.751,1.0,83.92,CQI via jldbc/coffee-quality-database (arabica_data_cleaned)
Colombia,Caturra,Washed / Wet,0.737,0.775,1.0,83.92,CQI via jldbc/coffee-quality-database (arabica_data_cleaned)
Taiwan,Typica,Washed / Wet,0.763,0.727,1.0,83.92,CQI via jldbc/coffee-quality-database (arabica_data_cleaned)
Colombia,Caturra,Natural / Dry,0.714,0.727,1.0,83.92,CQI via jldbc/coffee-quality-database (arabica_data_cleaned)
Mexico,Typica,Washed / Wet,0.691,0.751,1.0,83.92,CQI via jldbc/coffee-quality-database (arabica_data_cleaned)
Mexico,Typica,Washed / Wet,0.737,0.751,1.0,83.92,CQI via jldbc/coffee-quality-database (arabica_data_cleaned)
Mexico,Typica,Washed / Wet,0.763,0.751,1.0,83.92,CQI via jldbc/coffee-quality-database (arabica_data_cleaned)
Colombia,Caturra,Washed / Wet,0.737,0.7,1.0,83.83,CQI via jldbc/coffee-quality-database (arabica_data_cleaned)
Colombia,Caturra,정보없음,0.714,0.751,1.0,83.83,CQI via jldbc/coffee-quality-database (arabica_data_cleaned)
Costa Rica,Caturra,Washed / Wet,0.691,0.676,1.0,83.83,CQI via jldbc/coffee-quality-database (arabica_data_cleaned)
Guatemala,Bourbon,Washed / Wet,0.714,0.775,1.0,83.83,CQI via jldbc/coffee-quality-database (arabica_data_cleaned)
Taiwan,정보없음,정보없음,0.714,0.751,1.0,83.83,CQI via jldbc/coffee-quality-database (arabica_data_cleaned)
Brazil,Yellow Bourbon,Natural / Dry,0.786,0.751,1.0,83.83,CQI via jldbc/coffee-quality-database (arabica_data_cleaned)
Taiwan,Typica,Washed / Wet,0.714,0.652,1.0,83.83,CQI via jldbc/coffee-quality-database (arabica_data_cleaned)
Ethiopia,정보없음,Natural / Dry,0.691,0.7,1.0,83.83,CQI via jldbc/coffee-quality-database (arabica_data_cleaned)
Brazil,Bourbon,Semi-washed / Semi-pulped,0.643,0.775,0.923,83.83,CQI via jldbc/coffee-quality-database (arabica_data_cleaned)
Costa Rica,Catuai,Washed / Wet,0.737,0.751,1.0,83.83,CQI via jldbc/coffee-quality-database (arabica_data_cleaned)
Guatemala,Bourbon,Washed / Wet,0.786,0.7,1.0,83.83,CQI via jldbc/coffee-quality-database (arabica_data_cleaned)
Brazil,Yellow Bourbon,Natural / Dry,0.691,0.877,1.0,83.83,CQI via jldbc/coffee-quality-database (arabica_data_cleaned)
Ecuador,정보없음,Natural / Dry,0.714,0.775,1.0,83.83,CQI via jldbc/coffee-quality-database (arabica_data_cleaned)
Colombia,Caturra,Washed / Wet,0.737,0.7,1.0,83.83,CQI via jldbc/coffee-quality-database (arabica_data_cleaned)
Guatemala,Bourbon,Washed / Wet,0.737,0.775,1.0,83.83,CQI via jldbc/coffee-quality-database (arabica_data_cleaned)
Mexico,Bourbon,Natural / Dry,0.62,0.727,1.0,83.83,CQI via jldbc/coffee-quality-database (arabica_data_cleaned)
Mexico,Pacas,Natural / Dry,0.714,0.751,1.0,83.83,CQI via jldbc/coffee-quality-database (arabica_data_cleaned)
Brazil,Yellow Bourbon,Semi-washed / Semi-pulped,0.691,0.676,1.0,83.83,CQI via jldbc/coffee-quality-database (arabica_data_cleaned)
Thailand,정보없음,정보없음,0.786,0.727,1.0,83.83,CQI via jldbc/coffee-quality-database (arabica_data_cleaned)
Thailand,정보없음,정보없음,0.666,0.751,1.0,83.83,CQI via jldbc/coffee-quality-database (arabica_data_cleaned)
Ethiopia,정보없음,정보없음,0.786,0.775,1.0,83.83,CQI via jldbc/coffee-quality-database (arabica_data_cleaned)
Kenya,SL28,Washed / Wet,0.666,0.751,1.0,83.75,CQI via jldbc/coffee-quality-database (arabica_data_cleaned)
Brazil,Bourbon,Natural / Dry,0.714,0.727,1.0,83.75,CQI via jldbc/coffee-quality-database (arabica_data_cleaned)
Colombia,Caturra,Washed / Wet,0.666,0.7,1.0,83.75,CQI via jldbc/coffee-quality-database (arabica_data_cleaned)
Taiwan,Typica,Natural / Dry,0.666,0.727,1.0,83.75,CQI via jldbc/coffee-quality-database (arabica_data_cleaned)
Colombia,정보없음,Washed / Wet,0.691,0.751,1.0,83.75,CQI via jldbc/coffee-quality-database (arabica_data_cleaned)
China,Catimor,Washed / Wet,0.643,0.7,1.0,83.75,CQI via jldbc/coffee-quality-database (arabica_data_cleaned)
Colombia,Caturra,Natural / Dry,0.691,0.7,1.0,83.75,CQI via jldbc/coffee-quality-database (arabica_data_cleaned)
Uganda,Bourbon,Natural / Dry,0.714,0.625,1.0,83.75,CQI via jldbc/coffee-quality-database (arabica_data_cleaned)
United States (Puerto Rico),Other,Washed / Wet,0.691,0.826,1.0,83.75,CQI via jldbc/coffee-quality-database (arabica_data_cleaned)
Colombia,Caturra,Washed / Wet,0.763,0.676,1.0,83.75,CQI via jldbc/coffee-quality-database (arabica_data_cleaned)
Colombia,Other,Washed / Wet,0.62,0.826,1.0,83.75,CQI via jldbc/coffee-quality-database (arabica_data_cleaned)
Colombia,Caturra,Washed / Wet,0.691,0.727,1.0,83.75,CQI via jldbc/coffee-quality-database (arabica_data_cleaned)
Colombia,Caturra,Washed / Wet,0.666,0.652,1.0,83.75,CQI via jldbc/coffee-quality-database (arabica_data_cleaned)
United States (Hawaii),Hawaiian Kona,Natural / Dry,0.666,0.775,1.0,83.75,CQI via jldbc/coffee-quality-database (arabica_data_cleaned)
Mexico,Caturra,Natural / Dry,0.643,0.751,1.0,83.75,CQI via jldbc/coffee-quality-database (arabica_data_cleaned)
Guatemala,Caturra,Washed / Wet,0.691,0.751,1.0,83.75,CQI via jldbc/coffee-quality-database (arabica_data_cleaned)
Colombia,정보없음,정보없음,0.594,0.652,1.0,83.75,CQI via jldbc/coffee-quality-database (arabica_data_cleaned)
Colombia,정보없음,정보없음,0.571,0.7,1.0,83.75,CQI via jldbc/coffee-quality-database (arabica_data_cleaned)
United States (Hawaii),정보없음,정보없음,0.691,0.7,1.0,83.75,CQI via jldbc/coffee-quality-database (arabica_data_cleaned)
Brazil,Bourbon,Natural / Dry,0.691,0.727,1.0,83.67,CQI via jldbc/coffee-quality-database (arabica_data_cleaned)
Kenya,SL28,Washed / Wet,0.666,0.601,1.0,83.67,CQI via jldbc/coffee-quality-database (arabica_data_cleaned)
Honduras,Caturra,Washed / Wet,0.691,0.826,1.0,83.67,CQI via jldbc/coffee-quality-database (arabica_data_cleaned)
Nicaragua,Caturra,Washed / Wet,0.691,0.775,1.0,83.67,CQI via jldbc/coffee-quality-database (arabica_data_cleaned)
Brazil,Bourbon,Natural / Dry,0.714,0.7,1.0,83.67,CQI via jldbc/coffee-quality-database (arabica_data_cleaned)
Taiwan,Caturra,Natural / Dry,0.763,0.775,1.0,83.67,CQI via jldbc/coffee-quality-database (arabica_data_cleaned)
Costa Rica,정보없음,정보없음,0.643,0.727,1.0,83.67,CQI via jldbc/coffee-quality-database (arabica_data_cleaned)
Thailand,정보없음,Washed / Wet,0.737,0.727,1.0,83.67,CQI via jldbc/coffee-quality-database (arabica_data_cleaned)
Colombia,Caturra,Washed / Wet,0.714,0.727,1.0,83.67,CQI via jldbc/coffee-quality-database (arabica_data_cleaned)
Guatemala,Bourbon,Washed / Wet,0.786,0.826,1.0,83.67,CQI via jldbc/coffee-quality-database (arabica_data_cleaned)
Colombia,Caturra,Washed / Wet,0.666,0.7,1.0,83.67,CQI via jldbc/coffee-quality-database (arabica_data_cleaned)
Colombia,Caturra,Washed / Wet,0.691,0.625,1.0,83.67,CQI via jldbc/coffee-quality-database (arabica_data_cleaned)
Guatemala,Bourbon,Washed / Wet,0.691,0.826,1.0,83.67,CQI via jldbc/coffee-quality-database (arabica_data_cleaned)
Guatemala,Bourbon,Washed / Wet,0.691,0.727,1.0,83.67,CQI via jldbc/coffee-quality-database (arabica_data_cleaned)
Colombia,Caturra,Washed / Wet,0.737,0.577,1.0,83.67,CQI via jldbc/coffee-quality-database (arabica_data_cleaned)
Guatemala,Caturra,Natural / Dry,0.691,0.85,0.923,83.67,CQI via jldbc/coffee-quality-database (arabica_data_cleaned)
Guatemala,Bourbon,Washed / Wet,0.62,0.7,1.0,83.67,CQI via jldbc/coffee-quality-database (arabica_data_cleaned)
Mexico,Typica,Washed / Wet,0.594,0.775,1.0,83.67,CQI via jldbc/coffee-quality-database (arabica_data_cleaned)
Indonesia,Typica,Washed / Wet,0.666,0.652,1.0,83.67,CQI via jldbc/coffee-quality-database (arabica_data_cleaned)
Guatemala,Caturra,Washed / Wet,0.786,0.727,1.0,83.67,CQI via jldbc/coffee-quality-database (arabica_data_cleaned)
United States (Hawaii),정보없음,정보없음,0.809,0.751,0.923,83.67,CQI via jldbc/coffee-quality-database (arabica_data_cleaned)
Brazil,Bourbon,Natural / Dry,0.666,0.727,1.0,83.58,CQI via jldbc/coffee-quality-database (arabica_data_cleaned)
Guatemala,Caturra,Washed / Wet,0.737,0.7,1.0,83.58,CQI via jldbc/coffee-quality-database (arabica_data_cleaned)
Colombia,Caturra,Washed / Wet,0.666,0.727,1.0,83.58,CQI via jldbc/coffee-quality-database (arabica_data_cleaned)
China,Catimor,Washed / Wet,0.666,0.727,1.0,83.58,CQI via jldbc/coffee-quality-database (arabica_data_cleaned)
Colombia,Caturra,Washed / Wet,0.691,0.751,1.0,83.58,CQI via jldbc/coffee-quality-database (arabica_data_cleaned)
Mexico,Caturra,Washed / Wet,0.666,0.676,1.0,83.58,CQI via jldbc/coffee-quality-database (arabica_data_cleaned)
Ethiopia,Other,Washed / Wet,0.691,0.676,1.0,83.58,CQI via jldbc/coffee-quality-database (arabica_data_cleaned)
Uganda,SL14,Washed / Wet,0.714,0.751,1.0,83.58,CQI via jldbc/coffee-quality-database (arabica_data_cleaned)
Colombia,Caturra,Natural / Dry,0.691,0.727,1.0,83.58,CQI via jldbc/coffee-quality-database (arabica_data_cleaned)
Colombia,Caturra,Washed / Wet,0.666,0.727,1.0,83.58,CQI via jldbc/coffee-quality-database (arabica_data_cleaned)
Colombia,Caturra,Washed / Wet,0.666,0.751,1.0,83.58,CQI via jldbc/coffee-quality-database (arabica_data_cleaned)
Taiwan,Typica,Other,0.714,0.676,1.0,83.58,CQI via jldbc/coffee-quality-database (arabica_data_cleaned)
Colombia,Caturra,Washed / Wet,0.691,0.751,1.0,83.58,CQI via jldbc/coffee-quality-database (arabica_data_cleaned)
Mexico,Typica,Washed / Wet,0.666,0.727,1.0,83.58,CQI via jldbc/coffee-quality-database (arabica_data_cleaned)
Colombia,Caturra,Natural / Dry,0.666,0.727,1.0,83.58,CQI via jldbc/coffee-quality-database (arabica_data_cleaned)
Brazil,Catuai,Semi-washed / Semi-pulped,0.714,0.676,1.0,83.58,CQI via jldbc/coffee-quality-database (arabica_data_cleaned)
Colombia,Caturra,Washed / Wet,0.714,0.751,1.0,83.5,CQI via jldbc/coffee-quality-database (arabica_data_cleaned)
Taiwan,정보없음,정보없음,0.549,0.526,1.0,83.5,CQI via jldbc/coffee-quality-database (arabica_data_cleaned)
Costa Rica,Caturra,Washed / Wet,0.691,0.676,1.0,83.5,CQI via jldbc/coffee-quality-database (arabica_data_cleaned)
Colombia,Caturra,Natural / Dry,0.643,0.751,1.0,83.5,CQI via jldbc/coffee-quality-database (arabica_data_cleaned)
Guatemala,Bourbon,Washed / Wet,0.737,0.7,1.0,83.5,CQI via jldbc/coffee-quality-database (arabica_data_cleaned)
Colombia,Caturra,Washed / Wet,0.666,0.751,1.0,83.5,CQI via jldbc/coffee-quality-database (arabica_data_cleaned)
"Tanzania, United Republic Of",Ruiru 11,Washed / Wet,0.691,0.727,1.0,83.5,CQI via jldbc/coffee-quality-database (arabica_data_cleaned)
Indonesia,Sumatra,Semi-washed / Semi-pulped,0.763,0.775,1.0,83.5,CQI via jldbc/coffee-quality-database (arabica_data_cleaned)
Ethiopia,정보없음,Natural / Dry,0.666,0.751,1.0,83.5,CQI via jldbc/coffee-quality-database (arabica_data_cleaned)
Colombia,정보없음,Washed / Wet,0.737,0.7,1.0,83.5,CQI via jldbc/coffee-quality-database (arabica_data_cleaned)
Colombia,Caturra,Washed / Wet,0.666,0.802,1.0,83.5,CQI via jldbc/coffee-quality-database (arabica_data_cleaned)
Guatemala,Caturra,Washed / Wet,0.737,0.652,1.0,83.5,CQI via jldbc/coffee-quality-database (arabica_data_cleaned)
Colombia,Caturra,Washed / Wet,0.643,0.775,1.0,83.5,CQI via jldbc/coffee-quality-database (arabica_data_cleaned)
Honduras,Caturra,Natural / Dry,0.643,0.727,1.0,83.5,CQI via jldbc/coffee-quality-database (arabica_data_cleaned)
Colombia,Caturra,Washed / Wet,0.691,0.751,1.0,83.5,CQI via jldbc/coffee-quality-database (arabica_data_cleaned)
Colombia,Caturra,Washed / Wet,0.714,0.7,1.0,83.5,CQI via jldbc/coffee-quality-database (arabica_data_cleaned)
Mexico,Bourbon,Natural / Dry,0.643,0.676,1.0,83.5,CQI via jldbc/coffee-quality-database (arabica_data_cleaned)
Mexico,Typica,Semi-washed / Semi-pulped,0.714,0.7,1.0,83.5,CQI via jldbc/coffee-quality-database (arabica_data_cleaned)
Mexico,Pacamara,Washed / Wet,0.714,0.625,1.0,83.5,CQI via jldbc/coffee-quality-database (arabica_data_cleaned)
Guatemala,Caturra,Washed / Wet,0.786,0.727,1.0,83.5,CQI via jldbc/coffee-quality-database (arabica_data_cleaned)
Colombia,Caturra,Washed / Wet,0.691,0.727,1.0,83.5,CQI via jldbc/coffee-quality-database (arabica_data_cleaned)
Guatemala,Bourbon,Washed / Wet,0.643,0.826,1.0,83.5,CQI via jldbc/coffee-quality-database (arabica_data_cleaned)
United States (Hawaii),정보없음,정보없음,0.763,0.7,1.0,83.5,CQI via jldbc/coffee-quality-database (arabica_data_cleaned)
Indonesia,정보없음,정보없음,0.666,0.751,1.0,83.5,CQI via jldbc/coffee-quality-database (arabica_data_cleaned)
Colombia,Caturra,Washed / Wet,0.643,0.751,1.0,83.42,CQI via jldbc/coffee-quality-database (arabica_data_cleaned)
Guatemala,Bourbon,Washed / Wet,0.666,0.7,1.0,83.42,CQI via jldbc/coffee-quality-database (arabica_data_cleaned)
Colombia,Caturra,Washed / Wet,0.691,0.727,1.0,83.42,CQI via jldbc/coffee-quality-database (arabica_data_cleaned)
Costa Rica,Caturra,Washed / Wet,0.763,0.676,1.0,83.42,CQI via jldbc/coffee-quality-database (arabica_data_cleaned)
Taiwan,정보없음,정보없음,0.523,0.526,1.0,83.42,CQI via jldbc/coffee-quality-database (arabica_data_cleaned)
Uganda,SL14,Washed / Wet,0.714,0.727,1.0,83.42,CQI via jldbc/coffee-quality-database (arabica_data_cleaned)
Thailand,Catimor,Washed / Wet,0.643,0.751,1.0,83.42,CQI via jldbc/coffee-quality-database (arabica_data_cleaned)
El Salvador,Bourbon,Washed / Wet,0.666,0.751,1.0,83.42,CQI via jldbc/coffee-quality-database (arabica_data_cleaned)
Colombia,Caturra,Natural / Dry,0.691,0.7,1.0,83.42,CQI via jldbc/coffee-quality-database (arabica_data_cleaned)
Brazil,Yellow Bourbon,Semi-washed / Semi-pulped,0.643,0.652,1.0,83.42,CQI via jldbc/coffee-quality-database (arabica_data_cleaned)
"Tanzania, United Republic Of",Bourbon,Washed / Wet,0.691,0.7,1.0,83.42,CQI via jldbc/coffee-quality-database (arabica_data_cleaned)
Colombia,Caturra,Washed / Wet,0.714,0.751,1.0,83.42,CQI via jldbc/coffee-quality-database (arabica_data_cleaned)
Guatemala,Bourbon,Natural / Dry,0.737,0.676,1.0,83.42,CQI via jldbc/coffee-quality-database (arabica_data_cleaned)
Guatemala,Caturra,Washed / Wet,0.737,0.7,1.0,83.42,CQI via jldbc/coffee-quality-database (arabica_data_cleaned)
Guatemala,Bourbon,Washed / Wet,0.62,0.751,1.0,83.42,CQI via jldbc/coffee-quality-database (arabica_data_cleaned)
United States (Hawaii),Hawaiian Kona,Natural / Dry,0.666,0.727,1.0,83.42,CQI via jldbc/coffee-quality-database (arabica_data_cleaned)
Colombia,Caturra,Washed / Wet,0.643,0.727,1.0,83.42,CQI via jldbc/coffee-quality-database (arabica_data_cleaned)
Colombia,정보없음,정보없음,0.691,0.751,1.0,83.42,CQI via jldbc/coffee-quality-database (arabica_data_cleaned)
United States (Hawaii),정보없음,정보없음,0.691,0.775,1.0,83.42,CQI via jldbc/coffee-quality-database (arabica_data_cleaned)
Thailand,Peaberry,정보없음,0.763,0.802,1.0,83.42,CQI via jldbc/coffee-quality-database (arabica_data_cleaned)
Mexico,정보없음,정보없음,0.68,0.676,1.0,83.38,CQI via jldbc/coffee-quality-database (arabica_data_cleaned)
Colombia,Caturra,Washed / Wet,0.666,0.7,1.0,83.33,CQI via jldbc/coffee-quality-database (arabica_data_cleaned)
Colombia,Caturra,Washed / Wet,0.62,0.727,1.0,83.33,CQI via jldbc/coffee-quality-database (arabica_data_cleaned)
Colombia,Caturra,Washed / Wet,0.666,0.676,1.0,83.33,CQI via jldbc/coffee-quality-database (arabica_data_cleaned)
Brazil,Catuai,Semi-washed / Semi-pulped,0.666,0.7,1.0,83.33,CQI via jldbc/coffee-quality-database (arabica_data_cleaned)
Mexico,Caturra,Washed / Wet,0.691,0.676,1.0,83.33,CQI via jldbc/coffee-quality-database (arabica_data_cleaned)
Colombia,Caturra,Washed / Wet,0.737,0.775,1.0,83.33,CQI via jldbc/coffee-quality-database (arabica_data_cleaned)
"Tanzania, United Republic Of",Other,Semi-washed / Semi-pulped,0.666,0.7,1.0,83.33,CQI via jldbc/coffee-quality-database (arabica_data_cleaned)
Mexico,Other,Washed / Wet,0.691,0.676,1.0,83.33,CQI via jldbc/coffee-quality-database (arabica_data_cleaned)
Costa Rica,Caturra,Washed / Wet,0.691,0.727,1.0,83.33,CQI via jldbc/coffee-quality-database (arabica_data_cleaned)
United States (Hawaii),Hawaiian Kona,Natural / Dry,0.691,0.802,0.923,83.33,CQI via jldbc/coffee-quality-database (arabica_data_cleaned)
Costa Rica,Catuai,Washed / Wet,0.643,0.775,1.0,83.33,CQI via jldbc/coffee-quality-database (arabica_data_cleaned)
Peru,정보없음,Washed / Wet,0.737,0.802,1.0,83.33,CQI via jldbc/coffee-quality-database (arabica_data_cleaned)
Haiti,Typica,Washed / Wet,0.643,0.775,1.0,83.33,CQI via jldbc/coffee-quality-database (arabica_data_cleaned)
Colombia,Caturra,Natural / Dry,0.691,0.802,1.0,83.33,CQI via jldbc/coffee-quality-database (arabica_data_cleaned)
Guatemala,Bourbon,Washed / Wet,0.691,0.727,1.0,83.33,CQI via jldbc/coffee-quality-database (arabica_data_cleaned)
United States (Hawaii),Hawaiian Kona,Natural / Dry,0.737,0.727,1.0,83.33,CQI via jldbc/coffee-quality-database (arabica_data_cleaned)
Burundi,Bourbon,Washed / Wet,0.643,0.676,1.0,83.33,CQI via jldbc/coffee-quality-database (arabica_data_cleaned)
Colombia,Caturra,Washed / Wet,0.666,0.727,1.0,83.33,CQI via jldbc/coffee-quality-database (arabica_data_cleaned)
United States (Hawaii),정보없음,정보없음,0.714,0.727,0.923,83.33,CQI via jldbc/coffee-quality-database (arabica_data_cleaned)
United States (Hawaii),정보없음,정보없음,0.643,0.775,1.0,83.33,CQI via jldbc/coffee-quality-database (arabica_data_cleaned)
Mexico,Typica,Washed / Wet,0.737,0.625,1.0,83.25,CQI via jldbc/coffee-quality-database (arabica_data_cleaned)
Costa Rica,Catuai,Pulped natural / honey,0.643,0.727,1.0,83.25,CQI via jldbc/coffee-quality-database (arabica_data_cleaned)
Costa Rica,정보없음,Washed / Wet,0.691,0.676,1.0,83.25,CQI via jldbc/coffee-quality-database (arabica_data_cleaned)
Guatemala,Pacas,Washed / Wet,0.737,0.727,1.0,83.25,CQI via jldbc/coffee-quality-database (arabica_data_cleaned)
Uganda,SL14,Washed / Wet,0.62,0.727,1.0,83.25,CQI via jldbc/coffee-quality-database (arabica_data_cleaned)
Brazil,정보없음,정보없음,0.643,0.727,1.0,83.25,CQI via jldbc/coffee-quality-database (arabica_data_cleaned)
Colombia,Caturra,Natural / Dry,0.549,0.751,1.0,83.25,CQI via jldbc/coffee-quality-database (arabica_data_cleaned)
Mexico,Typica,Natural / Dry,0.666,0.7,1.0,83.25,CQI via jldbc/coffee-quality-database (arabica_data_cleaned)
Taiwan,Bourbon,Washed / Wet,0.643,0.727,1.0,83.25,CQI via jldbc/coffee-quality-database (arabica_data_cleaned)
Taiwan,Typica,Washed / Wet,0.666,0.676,1.0,83.25,CQI via jldbc/coffee-quality-database (arabica_data_cleaned)
Colombia,Caturra,Natural / Dry,0.666,0.7,1.0,83.25,CQI via jldbc/coffee-quality-database (arabica_data_cleaned)
Guatemala,Caturra,Washed / Wet,0.691,0.727,1.0,83.25,CQI via jldbc/coffee-quality-database (arabica_data_cleaned)
Colombia,Caturra,Washed / Wet,0.594,0.727,1.0,83.25,CQI via jldbc/coffee-quality-database (arabica_data_cleaned)
Mexico,Bourbon,Washed / Wet,0.643,0.7,1.0,83.25,CQI via jldbc/coffee-quality-database (arabica_data_cleaned)
United States (Hawaii),Hawaiian Kona,Natural / Dry,0.786,0.85,0.923,83.25,CQI via jldbc/coffee-quality-database (arabica_data_cleaned)
Mexico,Mundo Novo,Washed / Wet,0.666,0.676,1.0,83.25,CQI via jldbc/coffee-quality-database (arabica_data_cleaned)
Mexico,Caturra,Washed / Wet,0.763,0.625,1.0,83.25,CQI via jldbc/coffee-quality-database (arabica_data_cleaned)
Guatemala,Bourbon,Washed / Wet,0.737,0.652,1.0,83.25,CQI via jldbc/coffee-quality-database (arabica_data_cleaned)
Brazil,Yellow Bourbon,Semi-washed / Semi-pulped,0.666,0.7,1.0,83.25,CQI via jldbc/coffee-quality-database (arabica_data_cleaned)
Colombia,Caturra,Washed / Wet,0.62,0.775,1.0,83.25,CQI via jldbc/coffee-quality-database (arabica_data_cleaned)
Colombia,Caturra,Washed / Wet,0.643,0.7,1.0,83.25,CQI via jldbc/coffee-quality-database (arabica_data_cleaned)
Colombia,정보없음,정보없음,0.62,0.775,1.0,83.25,CQI via jldbc/coffee-quality-database (arabica_data_cleaned)
Colombia,정보없음,정보없음,0.571,0.727,1.0,83.25,CQI via jldbc/coffee-quality-database (arabica_data_cleaned)
Colombia,정보없음,정보없음,0.62,0.652,1.0,83.25,CQI via jldbc/coffee-quality-database (arabica_data_cleaned)
Brazil,Bourbon,Natural / Dry,0.666,0.727,1.0,83.17,CQI via jldbc/coffee-quality-database (arabica_data_cleaned)
Guatemala,Bourbon,Washed / Wet,0.691,0.751,1.0,83.17,CQI via jldbc/coffee-quality-database (arabica_data_cleaned)
"Tanzania, United Republic Of",Bourbon,Washed / Wet,0.691,0.727,1.0,83.17,CQI via jldbc/coffee-quality-database (arabica_data_cleaned)
Peru,정보없음,정보없음,0.666,0.727,1.0,83.17,CQI via jldbc/coffee-quality-database (arabica_data_cleaned)
Vietnam,Catimor,Natural / Dry,0.594,0.7,1.0,83.17,CQI via jldbc/coffee-quality-database (arabica_data_cleaned)
Guatemala,Caturra,Washed / Wet,0.714,0.7,1.0,83.17,CQI via jldbc/coffee-quality-database (arabica_data_cleaned)
Honduras,Catuai,Washed / Wet,0.691,0.676,1.0,83.17,CQI via jldbc/coffee-quality-database (arabica_data_cleaned)
China,Catimor,Washed / Wet,0.691,0.727,1.0,83.17,CQI via jldbc/coffee-quality-database (arabica_data_cleaned)
China,Catimor,Washed / Wet,0.691,0.652,1.0,83.17,CQI via jldbc/coffee-quality-database (arabica_data_cleaned)
El Salvador,Bourbon,Washed / Wet,0.691,0.826,1.0,83.17,CQI via jldbc/coffee-quality-database (arabica_data_cleaned)
Guatemala,Bourbon,Washed / Wet,0.737,0.7,1.0,83.17,CQI via jldbc/coffee-quality-database (arabica_data_cleaned)
Guatemala,Bourbon,Washed / Wet,0.714,0.676,1.0,83.17,CQI via jldbc/coffee-quality-database (arabica_data_cleaned)
Kenya,SL28,Washed / Wet,0.714,0.775,0.923,83.17,CQI via jldbc/coffee-quality-database (arabica_data_cleaned)
Thailand,정보없음,Washed / Wet,0.714,0.652,1.0,83.17,CQI via jldbc/coffee-quality-database (arabica_data_cleaned)
"Tanzania, United Republic Of",Other,Washed / Wet,0.666,0.652,1.0,83.17,CQI via jldbc/coffee-quality-database (arabica_data_cleaned)
Colombia,Caturra,Washed / Wet,0.691,0.676,1.0,83.17,CQI via jldbc/coffee-quality-database (arabica_data_cleaned)
Uganda,SL14,Washed / Wet,0.62,0.625,1.0,83.17,CQI via jldbc/coffee-quality-database (arabica_data_cleaned)
Colombia,정보없음,Washed / Wet,0.666,0.7,1.0,83.17,CQI via jldbc/coffee-quality-database (arabica_data_cleaned)
Honduras,Catuai,Natural / Dry,0.691,0.727,1.0,83.17,CQI via jldbc/coffee-quality-database (arabica_data_cleaned)
Honduras,Caturra,Natural / Dry,0.691,0.676,1.0,83.17,CQI via jldbc/coffee-quality-database (arabica_data_cleaned)
Guatemala,Catuai,Washed / Wet,0.834,0.625,1.0,83.17,CQI via jldbc/coffee-quality-database (arabica_data_cleaned)
United States (Hawaii),Hawaiian Kona,Natural / Dry,0.62,0.802,1.0,83.17,CQI via jldbc/coffee-quality-database (arabica_data_cleaned)
"Tanzania, United Republic Of",Bourbon,Washed / Wet,0.714,0.7,1.0,83.17,CQI via jldbc/coffee-quality-database (arabica_data_cleaned)
Guatemala,Bourbon,Washed / Wet,0.691,0.676,1.0,83.17,CQI via jldbc/coffee-quality-database (arabica_data_cleaned)
Mexico,Typica,Washed / Wet,0.666,0.676,1.0,83.17,CQI via jldbc/coffee-quality-database (arabica_data_cleaned)
Mexico,Typica,Washed / Wet,0.643,0.652,1.0,83.17,CQI via jldbc/coffee-quality-database (arabica_data_cleaned)
Mexico,Pacamara,Washed / Wet,0.691,0.676,1.0,83.17,CQI via jldbc/coffee-quality-database (arabica_data_cleaned)
Colombia,Caturra,Washed / Wet,0.643,0.7,1.0,83.17,CQI via jldbc/coffee-quality-database (arabica_data_cleaned)
Mexico,Typica,Washed / Wet,0.714,0.7,1.0,83.17,CQI via jldbc/coffee-quality-database (arabica_data_cleaned)
Colombia,Caturra,Washed / Wet,0.666,0.727,1.0,83.17,CQI via jldbc/coffee-quality-database (arabica_data_cleaned)
Mexico,Typica,Washed / Wet,0.666,0.727,1.0,83.17,CQI via jldbc/coffee-quality-database (arabica_data_cleaned)
Brazil,Mundo Novo,Natural / Dry,0.643,0.7,1.0,83.17,CQI via jldbc/coffee-quality-database (arabica_data_cleaned)
Brazil,Mundo Novo,Natural / Dry,0.666,0.652,1.0,83.17,CQI via jldbc/coffee-quality-database (arabica_data_cleaned)
Guatemala,Bourbon,Washed / Wet,0.643,0.802,0.923,83.17,CQI via jldbc/coffee-quality-database (arabica_data_cleaned)
Brazil,Mundo Novo,Semi-washed / Semi-pulped,0.643,0.751,1.0,83.17,CQI via jldbc/coffee-quality-database (arabica_data_cleaned)
Brazil,정보없음,정보없음,0.643,0.727,1.0,83.17,CQI via jldbc/coffee-quality-database (arabica_data_cleaned)
El Salvador,정보없음,정보없음,0.809,0.577,1.0,83.17,CQI via jldbc/coffee-quality-database (arabica_data_cleaned)
Ethiopia,정보없음,정보없음,0.809,0.775,0.923,83.17,CQI via jldbc/coffee-quality-database (arabica_data_cleaned)
Colombia,Caturra,Washed / Wet,0.691,0.751,1.0,83.08,CQI via jldbc/coffee-quality-database (arabica_data_cleaned)
Colombia,Caturra,Washed / Wet,0.62,0.826,1.0,83.08,CQI via jldbc/coffee-quality-database (arabica_data_cleaned)
Brazil,Yellow Bourbon,Pulped natural / honey,0.643,0.727,1.0,83.08,CQI via jldbc/coffee-quality-database (arabica_data_cleaned)
Brazil,Yellow Bourbon,Natural / Dry,0.594,0.751,1.0,83.08,CQI via jldbc/coffee-quality-database (arabica_data_cleaned)
Taiwan,Typica,Natural / Dry,0.737,0.727,1.0,83.08,CQI via jldbc/coffee-quality-database (arabica_data_cleaned)
Brazil,Mundo Novo,Natural / Dry,0.643,0.751,1.0,83.08,CQI via jldbc/coffee-quality-database (arabica_data_cleaned)
Brazil,Bourbon,Washed / Wet,0.62,0.652,1.0,83.08,CQI via jldbc/coffee-quality-database (arabica_data_cleaned)
Costa Rica,Catuai,Washed / Wet,0.691,0.7,1.0,83.08,CQI via jldbc/coffee-quality-database (arabica_data_cleaned)
United States (Hawaii),Hawaiian Kona,Natural / Dry,0.594,0.775,1.0,83.08,CQI via jldbc/coffee-quality-database (arabica_data_cleaned)
Taiwan,Typica,Other,0.643,0.676,1.0,83.08,CQI via jldbc/coffee-quality-database (arabica_data_cleaned)
United States (Hawaii),Hawaiian Kona,Natural / Dry,0.549,0.751,1.0,83.08,CQI via jldbc/coffee-quality-database (arabica_data_cleaned)
Mexico,Other,Washed / Wet,0.714,0.676,1.0,83.08,CQI via jldbc/coffee-quality-database (arabica_data_cleaned)
United States (Hawaii),Hawaiian Kona,Natural / Dry,0.691,0.802,1.0,83.08,CQI via jldbc/coffee-quality-database (arabica_data_cleaned)
United States (Hawaii),Hawaiian Kona,Washed / Wet,0.763,0.727,1.0,83.08,CQI via jldbc/coffee-quality-database (arabica_data_cleaned)
Colombia,Caturra,정보없음,0.666,0.601,1.0,83.08,CQI via jldbc/coffee-quality-database (arabica_data_cleaned)
Colombia,정보없음,정보없음,0.571,0.652,1.0,83.08,CQI via jldbc/coffee-quality-database (arabica_data_cleaned)
Indonesia,정보없음,정보없음,0.666,0.727,1.0,83.08,CQI via jldbc/coffee-quality-database (arabica_data_cleaned)
Guatemala,정보없음,정보없음,0.571,0.775,1.0,83.08,CQI via jldbc/coffee-quality-database (arabica_data_cleaned)
Brazil,Bourbon,Natural / Dry,0.714,0.727,1.0,83.0,CQI via jldbc/coffee-quality-database (arabica_data_cleaned)
Brazil,Bourbon,Natural / Dry,0.691,0.7,1.0,83.0,CQI via jldbc/coffee-quality-database (arabica_data_cleaned)
Brazil,Bourbon,Natural / Dry,0.691,0.7,1.0,83.0,CQI via jldbc/coffee-quality-database (arabica_data_cleaned)
Uganda,Bourbon,Washed / Wet,0.62,0.775,1.0,83.0,CQI via jldbc/coffee-quality-database (arabica_data_cleaned)
Uganda,Bourbon,Natural / Dry,0.666,0.652,1.0,83.0,CQI via jldbc/coffee-quality-database (arabica_data_cleaned)
Colombia,정보없음,정보없음,0.691,0.676,1.0,83.0,CQI via jldbc/coffee-quality-database (arabica_data_cleaned)
Vietnam,Caturra,Other,0.666,0.652,1.0,83.0,CQI via jldbc/coffee-quality-database (arabica_data_cleaned)
Guatemala,Catuai,Washed / Wet,0.763,0.652,1.0,83.0,CQI via jldbc/coffee-quality-database (arabica_data_cleaned)
Guatemala,Catuai,Washed / Wet,0.714,0.676,1.0,83.0,CQI via jldbc/coffee-quality-database (arabica_data_cleaned)
Guatemala,Bourbon,Washed / Wet,0.691,0.751,1.0,83.0,CQI via jldbc/coffee-quality-database (arabica_data_cleaned)
Brazil,Catuai,Natural / Dry,0.643,0.652,1.0,83.0,CQI via jldbc/coffee-quality-database (arabica_data_cleaned)
Taiwan,Typica,Washed / Wet,0.666,0.625,1.0,83.0,CQI via jldbc/coffee-quality-database (arabica_data_cleaned)
Uganda,SL14,Washed / Wet,0.643,0.7,1.0,83.0,CQI via jldbc/coffee-quality-database (arabica_data_cleaned)
United States (Puerto Rico),Other,Washed / Wet,0.737,0.751,0.923,83.0,CQI via jldbc/coffee-quality-database (arabica_data_cleaned)
Guatemala,Bourbon,Washed / Wet,0.737,0.676,1.0,83.0,CQI via jldbc/coffee-quality-database (arabica_data_cleaned)
Costa Rica,Catuai,Washed / Wet,0.666,0.676,1.0,83.0,CQI via jldbc/coffee-quality-database (arabica_data_cleaned)
Brazil,Yellow Bourbon,Semi-washed / Semi-pulped,0.691,0.652,1.0,83.0,CQI via jldbc/coffee-quality-database (arabica_data_cleaned)
Colombia,Caturra,Washed / Wet,0.643,0.7,1.0,83.0,CQI via jldbc/coffee-quality-database (arabica_data_cleaned)
Colombia,Caturra,Washed / Wet,0.594,0.676,1.0,83.0,CQI via jldbc/coffee-quality-database (arabica_data_cleaned)
Colombia,Caturra,Natural / Dry,0.62,0.751,1.0,83.0,CQI via jldbc/coffee-quality-database (arabica_data_cleaned)
Colombia,Caturra,Natural / Dry,0.691,0.7,1.0,83.0,CQI via jldbc/coffee-quality-database (arabica_data_cleaned)
Colombia,Caturra,Washed / Wet,0.666,0.751,1.0,83.0,CQI via jldbc/coffee-quality-database (arabica_data_cleaned)
Mexico,Typica,Washed / Wet,0.643,0.727,1.0,83.0,CQI via jldbc/coffee-quality-database (arabica_data_cleaned)
Mexico,Typica,Semi-washed / Semi-pulped,0.666,0.7,1.0,83.0,CQI via jldbc/coffee-quality-database (arabica_data_cleaned)
Mexico,Bourbon,Washed / Wet,0.643,0.7,1.0,83.0,CQI via jldbc/coffee-quality-database (arabica_data_cleaned)
Colombia,Arusha,Natural / Dry,0.643,0.751,1.0,83.0,CQI via jldbc/coffee-quality-database (arabica_data_cleaned)
Colombia,Caturra,Washed / Wet,0.691,0.775,1.0,83.0,CQI via jldbc/coffee-quality-database (arabica_data_cleaned)
Colombia,Caturra,Washed / Wet,0.666,0.727,1.0,83.0,CQI via jldbc/coffee-quality-database (arabica_data_cleaned)
Guatemala,Bourbon,Washed / Wet,0.691,0.676,1.0,83.0,CQI via jldbc/coffee-quality-database (arabica_data_cleaned)
Colombia,Caturra,Washed / Wet,0.643,0.727,1.0,83.0,CQI via jldbc/coffee-quality-database (arabica_data_cleaned)
Thailand,정보없음,정보없음,0.643,0.751,1.0,83.0,CQI via jldbc/coffee-quality-database (arabica_data_cleaned)
Colombia,정보없음,정보없음,0.594,0.7,1.0,83.0,CQI via jldbc/coffee-quality-database (arabica_data_cleaned)
United States (Hawaii),정보없음,정보없음,0.737,0.802,0.923,83.0,CQI via jldbc/coffee-quality-database (arabica_data_cleaned)
United States (Hawaii),정보없음,정보없음,0.666,0.7,1.0,83.0,CQI via jldbc/coffee-quality-database (arabica_data_cleaned)
Colombia,정보없음,정보없음,0.691,0.7,1.0,83.0,CQI via jldbc/coffee-quality-database (arabica_data_cleaned)
Nicaragua,Caturra,정보없음,0.763,0.802,0.923,83.0,CQI via jldbc/coffee-quality-database (arabica_data_cleaned)
Thailand,정보없음,정보없음,0.714,0.877,1.0,83.0,CQI via jldbc/coffee-quality-database (arabica_data_cleaned)
Brazil,Bourbon,Natural / Dry,0.666,0.7,1.0,82.92,CQI via jldbc/coffee-quality-database (arabica_data_cleaned)
El Salvador,Bourbon,Washed / Wet,0.666,0.802,0.923,82.92,CQI via jldbc/coffee-quality-database (arabica_data_cleaned)
Colombia,Caturra,Washed / Wet,0.594,0.727,1.0,82.92,CQI via jldbc/coffee-quality-database (arabica_data_cleaned)
Taiwan,Caturra,Natural / Dry,0.691,0.727,1.0,82.92,CQI via jldbc/coffee-quality-database (arabica_data_cleaned)
Ethiopia,Ethiopian Heirlooms,Washed / Wet,0.643,0.7,1.0,82.92,CQI via jldbc/coffee-quality-database (arabica_data_cleaned)
Taiwan,Typica,Natural / Dry,0.594,0.676,1.0,82.92,CQI via jldbc/coffee-quality-database (arabica_data_cleaned)
Philippines,Other,Washed / Wet,0.666,0.676,1.0,82.92,CQI via jldbc/coffee-quality-database (arabica_data_cleaned)
Philippines,Other,Washed / Wet,0.62,0.625,1.0,82.92,CQI via jldbc/coffee-quality-database (arabica_data_cleaned)
Mexico,Typica,Natural / Dry,0.666,0.676,1.0,82.92,CQI via jldbc/coffee-quality-database (arabica_data_cleaned)
Mexico,Bourbon,Washed / Wet,0.62,0.751,1.0,82.92,CQI via jldbc/coffee-quality-database (arabica_data_cleaned)
Brazil,Moka Peaberry,Semi-washed / Semi-pulped,0.737,0.751,1.0,82.92,CQI via jldbc/coffee-quality-database (arabica_data_cleaned)
Uganda,SL14,Washed / Wet,0.666,0.625,1.0,82.92,CQI via jldbc/coffee-quality-database (arabica_data_cleaned)
Uganda,SL14,Washed / Wet,0.643,0.676,1.0,82.92,CQI via jldbc/coffee-quality-database (arabica_data_cleaned)
Guatemala,Bourbon,Washed / Wet,0.666,0.727,1.0,82.92,CQI via jldbc/coffee-quality-database (arabica_data_cleaned)
Guatemala,Caturra,Natural / Dry,0.643,0.625,1.0,82.92,CQI via jldbc/coffee-quality-database (arabica_data_cleaned)
Guatemala,정보없음,Washed / Wet,0.666,0.7,1.0,82.92,CQI via jldbc/coffee-quality-database (arabica_data_cleaned)
Colombia,Caturra,Washed / Wet,0.594,0.7,1.0,82.92,CQI via jldbc/coffee-quality-database (arabica_data_cleaned)
Colombia,Caturra,Natural / Dry,0.643,0.751,1.0,82.92,CQI via jldbc/coffee-quality-database (arabica_data_cleaned)
Guatemala,Bourbon,Washed / Wet,0.763,0.676,1.0,82.92,CQI via jldbc/coffee-quality-database (arabica_data_cleaned)
Colombia,Other,Washed / Wet,0.62,0.676,1.0,82.92,CQI via jldbc/coffee-quality-database (arabica_data_cleaned)
Mexico,Typica,Natural / Dry,0.571,0.7,1.0,82.92,CQI via jldbc/coffee-quality-database (arabica_data_cleaned)
Vietnam,Other,Natural / Dry,0.666,0.85,1.0,82.92,CQI via jldbc/coffee-quality-database (arabica_data_cleaned)
Mexico,Typica,Washed / Wet,0.549,0.727,1.0,82.92,CQI via jldbc/coffee-quality-database (arabica_data_cleaned)
United States (Hawaii),Hawaiian Kona,Washed / Wet,0.62,0.727,1.0,82.92,CQI via jldbc/coffee-quality-database (arabica_data_cleaned)
Colombia,정보없음,정보없음,0.714,0.55,1.0,82.92,CQI via jldbc/coffee-quality-database (arabica_data_cleaned)
Thailand,정보없음,정보없음,0.549,0.676,1.0,82.92,CQI via jldbc/coffee-quality-database (arabica_data_cleaned)
Kenya,SL28,Washed / Wet,0.666,0.676,1.0,82.83,CQI via jldbc/coffee-quality-database (arabica_data_cleaned)
Guatemala,Bourbon,Washed / Wet,0.691,0.7,1.0,82.83,CQI via jldbc/coffee-quality-database (arabica_data_cleaned)
Brazil,Yellow Bourbon,Pulped natural / honey,0.643,0.676,1.0,82.83,CQI via jldbc/coffee-quality-database (arabica_data_cleaned)
El Salvador,Pacas,Washed / Wet,0.737,0.625,1.0,82.83,CQI via jldbc/coffee-quality-database (arabica_data_cleaned)
Rwanda,Bourbon,Washed / Wet,0.737,0.751,0.923,82.83,CQI via jldbc/coffee-quality-database (arabica_data_cleaned)
Vietnam,Other,Other,0.62,0.751,1.0,82.83,CQI via jldbc/coffee-quality-database (arabica_data_cleaned)
Guatemala,Bourbon,Washed / Wet,0.691,0.727,1.0,82.83,CQI via jldbc/coffee-quality-database (arabica_data_cleaned)
Brazil,Catuai,Natural / Dry,0.691,0.652,1.0,82.83,CQI via jldbc/coffee-quality-database (arabica_data_cleaned)
Colombia,Other,Washed / Wet,0.666,0.676,1.0,82.83,CQI via jldbc/coffee-quality-database (arabica_data_cleaned)
United States,Other,Other,0.643,0.751,1.0,82.83,CQI via jldbc/coffee-quality-database (arabica_data_cleaned)
Guatemala,Bourbon,Washed / Wet,0.691,0.652,1.0,82.83,CQI via jldbc/coffee-quality-database (arabica_data_cleaned)
Colombia,Typica,Natural / Dry,0.643,0.7,1.0,82.83,CQI via jldbc/coffee-quality-database (arabica_data_cleaned)
Colombia,Caturra,Washed / Wet,0.62,0.676,1.0,82.83,CQI via jldbc/coffee-quality-database (arabica_data_cleaned)
"Tanzania, United Republic Of",Arusha,Washed / Wet,0.571,0.7,1.0,82.83,CQI via jldbc/coffee-quality-database (arabica_data_cleaned)
Mexico,Caturra,Washed / Wet,0.666,0.676,1.0,82.83,CQI via jldbc/coffee-quality-database (arabica_data_cleaned)
Mexico,Bourbon,Washed / Wet,0.714,0.652,1.0,82.83,CQI via jldbc/coffee-quality-database (arabica_data_cleaned)
Guatemala,Bourbon,Washed / Wet,0.643,0.625,1.0,82.83,CQI via jldbc/coffee-quality-database (arabica_data_cleaned)
Mexico,Typica,Washed / Wet,0.62,0.727,1.0,82.83,CQI via jldbc/coffee-quality-database (arabica_data_cleaned)
El Salvador,정보없음,정보없음,0.714,0.601,1.0,82.83,CQI via jldbc/coffee-quality-database (arabica_data_cleaned)
Guatemala,Caturra,Washed / Wet,0.691,0.7,1.0,82.75,CQI via jldbc/coffee-quality-database (arabica_data_cleaned)
Guatemala,Caturra,Washed / Wet,0.666,0.676,1.0,82.75,CQI via jldbc/coffee-quality-database (arabica_data_cleaned)
Guatemala,Bourbon,Washed / Wet,0.691,0.727,1.0,82.75,CQI via jldbc/coffee-quality-database (arabica_data_cleaned)
Guatemala,Bourbon,Washed / Wet,0.666,0.727,1.0,82.75,CQI via jldbc/coffee-quality-database (arabica_data_cleaned)
Guatemala,Bourbon,Washed / Wet,0.691,0.676,1.0,82.75,CQI via jldbc/coffee-quality-database (arabica_data_cleaned)
Indonesia,Sulawesi,Other,0.666,0.7,1.0,82.75,CQI via jldbc/coffee-quality-database (arabica_data_cleaned)
Guatemala,Bourbon,Washed / Wet,0.666,0.625,1.0,82.75,CQI via jldbc/coffee-quality-database (arabica_data_cleaned)
Taiwan,Yellow Bourbon,Natural / Dry,0.691,0.7,1.0,82.75,CQI via jldbc/coffee-quality-database (arabica_data_cleaned)
El Salvador,Bourbon,Washed / Wet,0.594,0.7,1.0,82.75,CQI via jldbc/coffee-quality-database (arabica_data_cleaned)
Costa Rica,Caturra,Washed / Wet,0.691,0.652,1.0,82.75,CQI via jldbc/coffee-quality-database (arabica_data_cleaned)
Honduras,Caturra,Natural / Dry,0.666,0.676,1.0,82.75,CQI via jldbc/coffee-quality-database (arabica_data_cleaned)
Brazil,Yellow Bourbon,Pulped natural / honey,0.643,0.7,1.0,82.75,CQI via jldbc/coffee-quality-database (arabica_data_cleaned)
China,Catimor,Natural / Dry,0.594,0.727,1.0,82.75,CQI via jldbc/coffee-quality-database (arabica_data_cleaned)
China,Catimor,Washed / Wet,0.691,0.676,1.0,82.75,CQI via jldbc/coffee-quality-database (arabica_data_cleaned)
Colombia,Caturra,Washed / Wet,0.714,0.625,1.0,82.75,CQI via jldbc/coffee-quality-database (arabica_data_cleaned)
Malawi,Gesha,Washed / Wet,0.643,0.625,1.0,82.75,CQI via jldbc/coffee-quality-database (arabica_data_cleaned)
Guatemala,Pacas,Washed / Wet,0.714,0.676,1.0,82.75,CQI via jldbc/coffee-quality-database (arabica_data_cleaned)
Colombia,Typica,Washed / Wet,0.666,0.625,1.0,82.75,CQI via jldbc/coffee-quality-database (arabica_data_cleaned)
United States (Hawaii),Hawaiian Kona,Natural / Dry,0.737,0.625,1.0,82.75,CQI via jldbc/coffee-quality-database (arabica_data_cleaned)
United States (Hawaii),Hawaiian Kona,Natural / Dry,0.714,0.652,1.0,82.75,CQI via jldbc/coffee-quality-database (arabica_data_cleaned)
Colombia,Caturra,Washed / Wet,0.594,0.601,1.0,82.75,CQI via jldbc/coffee-quality-database (arabica_data_cleaned)
Mexico,Typica,Washed / Wet,0.643,0.676,1.0,82.75,CQI via jldbc/coffee-quality-database (arabica_data_cleaned)
Mexico,Typica,Washed / Wet,0.714,0.601,1.0,82.75,CQI via jldbc/coffee-quality-database (arabica_data_cleaned)
Mexico,Typica,Natural / Dry,0.786,0.775,1.0,82.75,CQI via jldbc/coffee-quality-database (arabica_data_cleaned)
Colombia,Caturra,Washed / Wet,0.691,0.676,1.0,82.75,CQI via jldbc/coffee-quality-database (arabica_data_cleaned)
Colombia,Caturra,Washed / Wet,0.666,0.676,1.0,82.75,CQI via jldbc/coffee-quality-database (arabica_data_cleaned)
United States (Hawaii),Hawaiian Kona,Washed / Wet,0.737,0.727,1.0,82.75,CQI via jldbc/coffee-quality-database (arabica_data_cleaned)
Panama,Catuai,Washed / Wet,0.666,0.676,1.0,82.75,CQI via jldbc/coffee-quality-database (arabica_data_cleaned)
United States (Hawaii),정보없음,정보없음,0.737,0.577,1.0,82.75,CQI via jldbc/coffee-quality-database (arabica_data_cleaned)
Brazil,Bourbon,Natural / Dry,0.714,0.7,1.0,82.67,CQI via jldbc/coffee-quality-database (arabica_data_cleaned)
Brazil,Bourbon,Natural / Dry,0.691,0.676,1.0,82.67,CQI via jldbc/coffee-quality-database (arabica_data_cleaned)
Laos,Catimor,Washed / Wet,0.62,0.652,1.0,82.67,CQI via jldbc/coffee-quality-database (arabica_data_cleaned)
El Salvador,Pacas,Washed / Wet,0.691,0.676,0.923,82.67,CQI via jldbc/coffee-quality-database (arabica_data_cleaned)
Mexico,정보없음,정보없음,0.714,0.652,1.0,82.67,CQI via jldbc/coffee-quality-database (arabica_data_cleaned)
Colombia,정보없음,Washed / Wet,0.666,0.625,1.0,82.67,CQI via jldbc/coffee-quality-database (arabica_data_cleaned)
Brazil,Yellow Bourbon,Natural / Dry,0.691,0.676,1.0,82.67,CQI via jldbc/coffee-quality-database (arabica_data_cleaned)
Brazil,Catuai,Natural / Dry,0.666,0.727,1.0,82.67,CQI via jldbc/coffee-quality-database (arabica_data_cleaned)
"Tanzania, United Republic Of",Other,Washed / Wet,0.643,0.676,1.0,82.67,CQI via jldbc/coffee-quality-database (arabica_data_cleaned)
"Tanzania, United Republic Of",Bourbon,Washed / Wet,0.666,0.625,1.0,82.67,CQI via jldbc/coffee-quality-database (arabica_data_cleaned)
Taiwan,Typica,Washed / Wet,0.62,0.601,1.0,82.67,CQI via jldbc/coffee-quality-database (arabica_data_cleaned)
Mexico,Typica,Natural / Dry,0.643,0.652,1.0,82.67,CQI via jldbc/coffee-quality-database (arabica_data_cleaned)
Uganda,SL14,Washed / Wet,0.691,0.676,1.0,82.67,CQI via jldbc/coffee-quality-database (arabica_data_cleaned)
Taiwan,Typica,Washed / Wet,0.643,0.676,1.0,82.67,CQI via jldbc/coffee-quality-database (arabica_data_cleaned)
Thailand,Caturra,Washed / Wet,0.691,0.7,1.0,82.67,CQI via jldbc/coffee-quality-database (arabica_data_cleaned)
Colombia,Caturra,Washed / Wet,0.571,0.7,1.0,82.67,CQI via jldbc/coffee-quality-database (arabica_data_cleaned)
El Salvador,Other,Washed / Wet,0.429,0.802,0.923,82.67,CQI via jldbc/coffee-quality-database (arabica_data_cleaned)
Guatemala,Caturra,Washed / Wet,0.691,0.676,1.0,82.67,CQI via jldbc/coffee-quality-database (arabica_data_cleaned)
Thailand,Other,Washed / Wet,0.594,0.7,0.923,82.67,CQI via jldbc/coffee-quality-database (arabica_data_cleaned)
Mexico,Other,Washed / Wet,0.666,0.652,1.0,82.67,CQI via jldbc/coffee-quality-database (arabica_data_cleaned)
Mexico,Typica,Washed / Wet,0.666,0.652,1.0,82.67,CQI via jldbc/coffee-quality-database (arabica_data_cleaned)
Colombia,정보없음,정보없음,0.62,0.727,1.0,82.67,CQI via jldbc/coffee-quality-database (arabica_data_cleaned)
United States (Hawaii),정보없음,정보없음,0.691,0.676,0.923,82.67,CQI via jldbc/coffee-quality-database (arabica_data_cleaned)
Mexico,Blue Mountain,정보없음,0.714,0.727,1.0,82.67,CQI via jldbc/coffee-quality-database (arabica_data_cleaned)
Colombia,정보없음,정보없음,0.594,0.625,1.0,82.67,CQI via jldbc/coffee-quality-database (arabica_data_cleaned)
Colombia,정보없음,정보없음,0.594,0.727,1.0,82.67,CQI via jldbc/coffee-quality-database (arabica_data_cleaned)
Guatemala,Bourbon,Washed / Wet,0.714,0.676,1.0,82.58,CQI via jldbc/coffee-quality-database (arabica_data_cleaned)
Taiwan,Typica,Pulped natural / honey,0.62,0.7,1.0,82.58,CQI via jldbc/coffee-quality-database (arabica_data_cleaned)
Brazil,정보없음,Pulped natural / honey,0.643,0.751,1.0,82.58,CQI via jldbc/coffee-quality-database (arabica_data_cleaned)
Taiwan,정보없음,정보없음,0.523,0.526,1.0,82.58,CQI via jldbc/coffee-quality-database (arabica_data_cleaned)
Brazil,정보없음,정보없음,0.594,0.601,1.0,82.58,CQI via jldbc/coffee-quality-database (arabica_data_cleaned)
Indonesia,Typica,Semi-washed / Semi-pulped,0.594,0.652,1.0,82.58,CQI via jldbc/coffee-quality-database (arabica_data_cleaned)
Thailand,정보없음,Washed / Wet,0.691,0.652,1.0,82.58,CQI via jldbc/coffee-quality-database (arabica_data_cleaned)
Thailand,Caturra,Washed / Wet,0.62,0.7,1.0,82.58,CQI via jldbc/coffee-quality-database (arabica_data_cleaned)
"Tanzania, United Republic Of",Other,Washed / Wet,0.643,0.7,1.0,82.58,CQI via jldbc/coffee-quality-database (arabica_data_cleaned)
Uganda,SL14,Natural / Dry,0.666,0.652,1.0,82.58,CQI via jldbc/coffee-quality-database (arabica_data_cleaned)
Costa Rica,Catuai,Washed / Wet,0.691,0.526,1.0,82.58,CQI via jldbc/coffee-quality-database (arabica_data_cleaned)
Mexico,정보없음,Washed / Wet,0.714,0.727,1.0,82.58,CQI via jldbc/coffee-quality-database (arabica_data_cleaned)
Guatemala,정보없음,Natural / Dry,0.666,0.652,1.0,82.58,CQI via jldbc/coffee-quality-database (arabica_data_cleaned)
Colombia,Caturra,Washed / Wet,0.62,0.676,1.0,82.58,CQI via jldbc/coffee-quality-database (arabica_data_cleaned)
Colombia,Caturra,Washed / Wet,0.571,0.625,1.0,82.58,CQI via jldbc/coffee-quality-database (arabica_data_cleaned)
Colombia,Caturra,Washed / Wet,0.666,0.727,1.0,82.58,CQI via jldbc/coffee-quality-database (arabica_data_cleaned)
Mexico,Typica,Washed / Wet,0.643,0.652,1.0,82.58,CQI via jldbc/coffee-quality-database (arabica_data_cleaned)
Mexico,Typica,Washed / Wet,0.714,0.727,1.0,82.58,CQI via jldbc/coffee-quality-database (arabica_data_cleaned)
Colombia,Caturra,Washed / Wet,0.62,0.727,1.0,82.58,CQI via jldbc/coffee-quality-database (arabica_data_cleaned)
Brazil,Mundo Novo,정보없음,0.714,0.676,1.0,82.58,CQI via jldbc/coffee-quality-database (arabica_data_cleaned)
Brazil,Bourbon,Natural / Dry,0.643,0.7,1.0,82.5,CQI via jldbc/coffee-quality-database (arabica_data_cleaned)
Indonesia,Other,Washed / Wet,0.643,0.652,1.0,82.5,CQI via jldbc/coffee-quality-database (arabica_data_cleaned)
Honduras,Caturra,Washed / Wet,0.643,0.676,1.0,82.5,CQI via jldbc/coffee-quality-database (arabica_data_cleaned)
Guatemala,Bourbon,Washed / Wet,0.643,0.727,1.0,82.5,CQI via jldbc/coffee-quality-database (arabica_data_cleaned)
Thailand,정보없음,Washed / Wet,0.714,0.625,1.0,82.5,CQI via jldbc/coffee-quality-database (arabica_data_cleaned)
Thailand,Caturra,Washed / Wet,0.643,0.727,1.0,82.5,CQI via jldbc/coffee-quality-database (arabica_data_cleaned)
"Tanzania, United Republic Of",Other,Washed / Wet,0.666,0.676,1.0,82.5,CQI via jldbc/coffee-quality-database (arabica_data_cleaned)
"Tanzania, United Republic Of",Other,Washed / Wet,0.666,0.7,1.0,82.5,CQI via jldbc/coffee-quality-database (arabica_data_cleaned)
Mexico,Other,Washed / Wet,0.691,0.601,1.0,82.5,CQI via jldbc/coffee-quality-database (arabica_data_cleaned)
Brazil,Yellow Bourbon,Semi-washed / Semi-pulped,0.594,0.652,1.0,82.5,CQI via jldbc/coffee-quality-database (arabica_data_cleaned)
Guatemala,Bourbon,Washed / Wet,0.691,0.652,1.0,82.5,CQI via jldbc/coffee-quality-database (arabica_data_cleaned)
Colombia,Caturra,Washed / Wet,0.62,0.7,1.0,82.5,CQI via jldbc/coffee-quality-database (arabica_data_cleaned)
Guatemala,Bourbon,Washed / Wet,0.594,0.676,1.0,82.5,CQI via jldbc/coffee-quality-database (arabica_data_cleaned)
Mexico,Typica,Washed / Wet,0.643,0.652,1.0,82.5,CQI via jldbc/coffee-quality-database (arabica_data_cleaned)
Mexico,Typica,Washed / Wet,0.691,0.676,1.0,82.5,CQI via jldbc/coffee-quality-database (arabica_data_cleaned)
Mexico,Typica,Semi-washed / Semi-pulped,0.666,0.601,1.0,82.5,CQI via jldbc/coffee-quality-database (arabica_data_cleaned)
Guatemala,Caturra,Natural / Dry,0.594,0.676,1.0,82.5,CQI via jldbc/coffee-quality-database (arabica_data_cleaned)
Brazil,Bourbon,Semi-washed / Semi-pulped,0.691,0.676,1.0,82.5,CQI via jldbc/coffee-quality-database (arabica_data_cleaned)
Colombia,Caturra,Washed / Wet,0.643,0.601,1.0,82.5,CQI via jldbc/coffee-quality-database (arabica_data_cleaned)
United States (Hawaii),Hawaiian Kona,Washed / Wet,0.714,0.652,1.0,82.5,CQI via jldbc/coffee-quality-database (arabica_data_cleaned)
Guatemala,정보없음,정보없음,0.691,0.7,1.0,82.5,CQI via jldbc/coffee-quality-database (arabica_data_cleaned)
Honduras,Other,Washed / Wet,0.666,0.7,1.0,82.42,CQI via jldbc/coffee-quality-database (arabica_data_cleaned)
Guatemala,Bourbon,Washed / Wet,0.714,0.625,1.0,82.42,CQI via jldbc/coffee-quality-database (arabica_data_cleaned)
Guatemala,Bourbon,Washed / Wet,0.691,0.652,1.0,82.42,CQI via jldbc/coffee-quality-database (arabica_data_cleaned)
Guatemala,Bourbon,Washed / Wet,0.691,0.676,1.0,82.42,CQI via jldbc/coffee-quality-database (arabica_data_cleaned)
Guatemala,Caturra,Washed / Wet,0.714,0.727,1.0,82.42,CQI via jldbc/coffee-quality-database (arabica_data_cleaned)
Colombia,Caturra,Washed / Wet,0.714,0.775,1.0,82.42,CQI via jldbc/coffee-quality-database (arabica_data_cleaned)
China,Catimor,Washed / Wet,0.643,0.652,1.0,82.42,CQI via jldbc/coffee-quality-database (arabica_data_cleaned)
Brazil,정보없음,정보없음,0.643,0.601,1.0,82.42,CQI via jldbc/coffee-quality-database (arabica_data_cleaned)
"Tanzania, United Republic Of",Ruiru 11,Washed / Wet,0.62,0.727,1.0,82.42,CQI via jldbc/coffee-quality-database (arabica_data_cleaned)
Brazil,Yellow Bourbon,Natural / Dry,0.643,0.751,1.0,82.42,CQI via jldbc/coffee-quality-database (arabica_data_cleaned)
Guatemala,Caturra,Washed / Wet,0.691,0.652,1.0,82.42,CQI via jldbc/coffee-quality-database (arabica_data_cleaned)
Mexico,Typica,Washed / Wet,0.666,0.652,1.0,82.42,CQI via jldbc/coffee-quality-database (arabica_data_cleaned)
Brazil,Catuai,Semi-washed / Semi-pulped,0.643,0.676,1.0,82.42,CQI via jldbc/coffee-quality-database (arabica_data_cleaned)
Peru,정보없음,Washed / Wet,0.714,0.676,1.0,82.42,CQI via jldbc/coffee-quality-database (arabica_data_cleaned)
Brazil,Yellow Bourbon,Natural / Dry,0.643,0.652,1.0,82.42,CQI via jldbc/coffee-quality-database (arabica_data_cleaned)
Mexico,Bourbon,Washed / Wet,0.763,0.652,1.0,82.42,CQI via jldbc/coffee-quality-database (arabica_data_cleaned)
Honduras,정보없음,Washed / Wet,0.549,0.751,1.0,82.42,CQI via jldbc/coffee-quality-database (arabica_data_cleaned)
Colombia,Caturra,Washed / Wet,0.643,0.7,1.0,82.42,CQI via jldbc/coffee-quality-database (arabica_data_cleaned)
Mexico,Typica,Washed / Wet,0.691,0.652,1.0,82.42,CQI via jldbc/coffee-quality-database (arabica_data_cleaned)
Mexico,Typica,Semi-washed / Semi-pulped,0.62,0.7,1.0,82.42,CQI via jldbc/coffee-quality-database (arabica_data_cleaned)
Mexico,Typica,Washed / Wet,0.666,0.676,1.0,82.42,CQI via jldbc/coffee-quality-database (arabica_data_cleaned)
Mexico,Caturra,Washed / Wet,0.666,0.7,1.0,82.42,CQI via jldbc/coffee-quality-database (arabica_data_cleaned)
Mexico,Typica,Washed / Wet,0.643,0.676,1.0,82.42,CQI via jldbc/coffee-quality-database (arabica_data_cleaned)
Mexico,Pacamara,Washed / Wet,0.643,0.676,1.0,82.42,CQI via jldbc/coffee-quality-database (arabica_data_cleaned)
Mexico,Caturra,Washed / Wet,0.666,0.676,1.0,82.42,CQI via jldbc/coffee-quality-database (arabica_data_cleaned)
Mexico,Bourbon,Washed / Wet,0.62,0.7,1.0,82.42,CQI via jldbc/coffee-quality-database (arabica_data_cleaned)
Mexico,Typica,Washed / Wet,0.691,0.577,1.0,82.42,CQI via jldbc/coffee-quality-database (arabica_data_cleaned)
Colombia,Caturra,Natural / Dry,0.62,0.676,1.0,82.42,CQI via jldbc/coffee-quality-database (arabica_data_cleaned)
Brazil,Arusha,Natural / Dry,0.62,0.676,1.0,82.42,CQI via jldbc/coffee-quality-database (arabica_data_cleaned)
Colombia,Caturra,Washed / Wet,0.666,0.652,1.0,82.42,CQI via jldbc/coffee-quality-database (arabica_data_cleaned)
Colombia,정보없음,정보없음,0.571,0.7,1.0,82.42,CQI via jldbc/coffee-quality-database (arabica_data_cleaned)
Honduras,Caturra,Washed / Wet,0.643,0.652,1.0,82.33,CQI via jldbc/coffee-quality-database (arabica_data_cleaned)
Brazil,Catuai,Natural / Dry,0.594,0.676,1.0,82.33,CQI via jldbc/coffee-quality-database (arabica_data_cleaned)
Brazil,정보없음,Natural / Dry,0.643,0.676,1.0,82.33,CQI via jldbc/coffee-quality-database (arabica_data_cleaned)
Brazil,Bourbon,Natural / Dry,0.643,0.652,1.0,82.33,CQI via jldbc/coffee-quality-database (arabica_data_cleaned)
Costa Rica,Caturra,Washed / Wet,0.571,0.652,1.0,82.33,CQI via jldbc/coffee-quality-database (arabica_data_cleaned)
Costa Rica,Catuai,Washed / Wet,0.643,0.625,1.0,82.33,CQI via jldbc/coffee-quality-database (arabica_data_cleaned)
China,Catimor,Pulped natural / honey,0.643,0.652,1.0,82.33,CQI via jldbc/coffee-quality-database (arabica_data_cleaned)
Brazil,Bourbon,Natural / Dry,0.88,0.877,1.0,82.33,CQI via jldbc/coffee-quality-database (arabica_data_cleaned)
Brazil,Mundo Novo,Natural / Dry,0.62,0.676,1.0,82.33,CQI via jldbc/coffee-quality-database (arabica_data_cleaned)
Guatemala,Bourbon,Washed / Wet,0.737,0.676,1.0,82.33,CQI via jldbc/coffee-quality-database (arabica_data_cleaned)
Malawi,Gesha,Washed / Wet,0.666,0.625,1.0,82.33,CQI via jldbc/coffee-quality-database (arabica_data_cleaned)
Brazil,Bourbon,Natural / Dry,0.809,0.85,0.616,82.33,CQI via jldbc/coffee-quality-database (arabica_data_cleaned)
Guatemala,Pacas,Washed / Wet,0.666,0.751,1.0,82.33,CQI via jldbc/coffee-quality-database (arabica_data_cleaned)
Mexico,정보없음,Washed / Wet,0.643,0.676,1.0,82.33,CQI via jldbc/coffee-quality-database (arabica_data_cleaned)
Colombia,Caturra,Washed / Wet,0.549,0.55,1.0,82.33,CQI via jldbc/coffee-quality-database (arabica_data_cleaned)
Taiwan,Typica,Semi-washed / Semi-pulped,0.643,0.676,1.0,82.33,CQI via jldbc/coffee-quality-database (arabica_data_cleaned)
Taiwan,Typica,Washed / Wet,0.643,0.676,1.0,82.33,CQI via jldbc/coffee-quality-database (arabica_data_cleaned)
Guatemala,Bourbon,Washed / Wet,0.643,0.676,1.0,82.33,CQI via jldbc/coffee-quality-database (arabica_data_cleaned)
Colombia,Caturra,Washed / Wet,0.643,0.676,1.0,82.33,CQI via jldbc/coffee-quality-database (arabica_data_cleaned)
Mexico,Typica,Washed / Wet,0.643,0.652,1.0,82.33,CQI via jldbc/coffee-quality-database (arabica_data_cleaned)
Costa Rica,정보없음,Washed / Wet,0.714,0.802,1.0,82.33,CQI via jldbc/coffee-quality-database (arabica_data_cleaned)
Guatemala,Bourbon,Washed / Wet,0.691,0.676,1.0,82.33,CQI via jldbc/coffee-quality-database (arabica_data_cleaned)
Mexico,Typica,Natural / Dry,0.594,0.526,1.0,82.33,CQI via jldbc/coffee-quality-database (arabica_data_cleaned)
Mexico,Bourbon,Washed / Wet,0.666,0.676,1.0,82.33,CQI via jldbc/coffee-quality-database (arabica_data_cleaned)
Guatemala,Bourbon,Washed / Wet,0.643,0.625,1.0,82.33,CQI via jldbc/coffee-quality-database (arabica_data_cleaned)
Brazil,Mundo Novo,Natural / Dry,0.643,0.676,1.0,82.33,CQI via jldbc/coffee-quality-database (arabica_data_cleaned)
Mexico,Typica,Washed / Wet,0.594,0.55,1.0,82.33,CQI via jldbc/coffee-quality-database (arabica_data_cleaned)
Brazil,Mundo Novo,Washed / Wet,0.666,0.652,1.0,82.33,CQI via jldbc/coffee-quality-database (arabica_data_cleaned)
Colombia,Caturra,Natural / Dry,0.571,0.7,1.0,82.33,CQI via jldbc/coffee-quality-database (arabica_data_cleaned)
Brazil,Catuai,Washed / Wet,0.62,0.727,1.0,82.25,CQI via jldbc/coffee-quality-database (arabica_data_cleaned)
Taiwan,정보없음,정보없음,0.549,0.526,1.0,82.25,CQI via jldbc/coffee-quality-database (arabica_data_cleaned)
Guatemala,Pacas,Washed / Wet,0.691,0.652,1.0,82.25,CQI via jldbc/coffee-quality-database (arabica_data_cleaned)
Brazil,Yellow Bourbon,Natural / Dry,0.523,0.676,1.0,82.25,CQI via jldbc/coffee-quality-database (arabica_data_cleaned)
El Salvador,Bourbon,Washed / Wet,0.691,0.775,0.923,82.25,CQI via jldbc/coffee-quality-database (arabica_data_cleaned)
Honduras,Catuai,Washed / Wet,0.666,0.652,1.0,82.25,CQI via jldbc/coffee-quality-database (arabica_data_cleaned)
Malawi,Gesha,Washed / Wet,0.62,0.7,1.0,82.25,CQI via jldbc/coffee-quality-database (arabica_data_cleaned)
Brazil,Bourbon,Natural / Dry,0.62,0.625,1.0,82.25,CQI via jldbc/coffee-quality-database (arabica_data_cleaned)
Taiwan,Typica,Washed / Wet,0.643,0.676,1.0,82.25,CQI via jldbc/coffee-quality-database (arabica_data_cleaned)
Mexico,Mundo Novo,Washed / Wet,0.62,0.652,1.0,82.25,CQI via jldbc/coffee-quality-database (arabica_data_cleaned)
United States (Hawaii),Hawaiian Kona,Natural / Dry,0.691,0.676,1.0,82.25,CQI via jldbc/coffee-quality-database (arabica_data_cleaned)
Mexico,Bourbon,Washed / Wet,0.549,0.652,1.0,82.25,CQI via jldbc/coffee-quality-database (arabica_data_cleaned)
Guatemala,Bourbon,Washed / Wet,0.666,0.727,1.0,82.25,CQI via jldbc/coffee-quality-database (arabica_data_cleaned)
Mexico,Bourbon,Washed / Wet,0.691,0.625,1.0,82.25,CQI via jldbc/coffee-quality-database (arabica_data_cleaned)
Mexico,Typica,Washed / Wet,0.643,0.652,1.0,82.25,CQI via jldbc/coffee-quality-database (arabica_data_cleaned)
El Salvador,Other,Washed / Wet,0.643,0.676,1.0,82.25,CQI via jldbc/coffee-quality-database (arabica_data_cleaned)
Mexico,Typica,Washed / Wet,0.691,0.625,1.0,82.25,CQI via jldbc/coffee-quality-database (arabica_data_cleaned)
Mexico,Typica,Washed / Wet,0.666,0.652,1.0,82.25,CQI via jldbc/coffee-quality-database (arabica_data_cleaned)
Colombia,Caturra,Washed / Wet,0.594,0.7,1.0,82.25,CQI via jldbc/coffee-quality-database (arabica_data_cleaned)
Colombia,Caturra,Washed / Wet,0.594,0.676,1.0,82.25,CQI via jldbc/coffee-quality-database (arabica_data_cleaned)
Brazil,Arusha,Natural / Dry,0.5,0.676,1.0,82.25,CQI via jldbc/coffee-quality-database (arabica_data_cleaned)
Colombia,정보없음,정보없음,0.571,0.7,1.0,82.25,CQI via jldbc/coffee-quality-database (arabica_data_cleaned)
Brazil,Bourbon,Natural / Dry,0.62,0.652,1.0,82.17,CQI via jldbc/coffee-quality-database (arabica_data_cleaned)
Honduras,Caturra,Washed / Wet,0.62,0.676,1.0,82.17,CQI via jldbc/coffee-quality-database (arabica_data_cleaned)
Nicaragua,정보없음,정보없음,0.62,0.676,1.0,82.17,CQI via jldbc/coffee-quality-database (arabica_data_cleaned)
"Tanzania, United Republic Of",Bourbon,Washed / Wet,0.594,0.676,1.0,82.17,CQI via jldbc/coffee-quality-database (arabica_data_cleaned)
"Tanzania, United Republic Of",Other,Washed / Wet,0.643,0.676,1.0,82.17,CQI via jldbc/coffee-quality-database (arabica_data_cleaned)
Brazil,Yellow Bourbon,Natural / Dry,0.594,0.775,1.0,82.17,CQI via jldbc/coffee-quality-database (arabica_data_cleaned)
Thailand,정보없음,Washed / Wet,0.714,0.601,1.0,82.17,CQI via jldbc/coffee-quality-database (arabica_data_cleaned)
Honduras,Catuai,Washed / Wet,0.62,0.7,1.0,82.17,CQI via jldbc/coffee-quality-database (arabica_data_cleaned)
Guatemala,Bourbon,Washed / Wet,0.643,0.652,1.0,82.17,CQI via jldbc/coffee-quality-database (arabica_data_cleaned)
Brazil,Mundo Novo,Natural / Dry,0.571,0.676,1.0,82.17,CQI via jldbc/coffee-quality-database (arabica_data_cleaned)
"Tanzania, United Republic Of",Other,Washed / Wet,0.666,0.625,1.0,82.17,CQI via jldbc/coffee-quality-database (arabica_data_cleaned)
Mexico,Other,Washed / Wet,0.62,0.625,1.0,82.17,CQI via jldbc/coffee-quality-database (arabica_data_cleaned)
Mexico,Other,Washed / Wet,0.62,0.676,1.0,82.17,CQI via jldbc/coffee-quality-database (arabica_data_cleaned)
Taiwan,Typica,Other,0.643,0.676,1.0,82.17,CQI via jldbc/coffee-quality-database (arabica_data_cleaned)
Taiwan,Typica,Washed / Wet,0.549,0.577,1.0,82.17,CQI via jldbc/coffee-quality-database (arabica_data_cleaned)
Colombia,Caturra,Washed / Wet,0.666,0.751,1.0,82.17,CQI via jldbc/coffee-quality-database (arabica_data_cleaned)
Mexico,Typica,Washed / Wet,0.643,0.625,1.0,82.17,CQI via jldbc/coffee-quality-database (arabica_data_cleaned)
Guatemala,Caturra,Washed / Wet,0.714,0.877,0.923,82.17,CQI via jldbc/coffee-quality-database (arabica_data_cleaned)
Mexico,Typica,Washed / Wet,0.643,0.676,1.0,82.17,CQI via jldbc/coffee-quality-database (arabica_data_cleaned)
Mexico,Typica,Washed / Wet,0.643,0.652,1.0,82.17,CQI via jldbc/coffee-quality-database (arabica_data_cleaned)
Colombia,정보없음,정보없음,0.549,0.577,1.0,82.17,CQI via jldbc/coffee-quality-database (arabica_data_cleaned)
Indonesia,Bourbon,Washed / Wet,0.62,0.676,1.0,82.08,CQI via jldbc/coffee-quality-database (arabica_data_cleaned)
Colombia,Caturra,Washed / Wet,0.691,0.775,1.0,82.08,CQI via jldbc/coffee-quality-database (arabica_data_cleaned)
Brazil,Bourbon,Natural / Dry,0.643,0.652,1.0,82.08,CQI via jldbc/coffee-quality-database (arabica_data_cleaned)
Brazil,Yellow Bourbon,Natural / Dry,0.666,0.601,1.0,82.08,CQI via jldbc/coffee-quality-database (arabica_data_cleaned)
Costa Rica,Caturra,Washed / Wet,0.571,0.577,1.0,82.08,CQI via jldbc/coffee-quality-database (arabica_data_cleaned)
"Tanzania, United Republic Of",Bourbon,Washed / Wet,0.62,0.676,1.0,82.08,CQI via jldbc/coffee-quality-database (arabica_data_cleaned)
"Tanzania, United Republic Of",Other,Washed / Wet,0.594,0.625,1.0,82.08,CQI via jldbc/coffee-quality-database (arabica_data_cleaned)
Colombia,정보없음,Washed / Wet,0.62,0.727,1.0,82.08,CQI via jldbc/coffee-quality-database (arabica_data_cleaned)
Costa Rica,Caturra,Washed / Wet,0.594,0.676,1.0,82.08,CQI via jldbc/coffee-quality-database (arabica_data_cleaned)
United States (Hawaii),Hawaiian Kona,Natural / Dry,0.571,0.676,1.0,82.08,CQI via jldbc/coffee-quality-database (arabica_data_cleaned)
Mexico,Typica,Washed / Wet,0.594,0.652,1.0,82.08,CQI via jldbc/coffee-quality-database (arabica_data_cleaned)
Mexico,Typica,Washed / Wet,0.643,0.601,1.0,82.08,CQI via jldbc/coffee-quality-database (arabica_data_cleaned)
Mexico,Typica,Washed / Wet,0.666,0.652,1.0,82.08,CQI via jldbc/coffee-quality-database (arabica_data_cleaned)
Vietnam,Other,Natural / Dry,0.523,0.727,1.0,82.08,CQI via jldbc/coffee-quality-database (arabica_data_cleaned)
Mexico,Typica,Washed / Wet,0.714,0.625,1.0,82.08,CQI via jldbc/coffee-quality-database (arabica_data_cleaned)
United States (Hawaii),Hawaiian Kona,Washed / Wet,0.666,0.55,1.0,82.08,CQI via jldbc/coffee-quality-database (arabica_data_cleaned)
Colombia,정보없음,정보없음,0.594,0.601,1.0,82.08,CQI via jldbc/coffee-quality-database (arabica_data_cleaned)
Honduras,Caturra,Washed / Wet,0.643,0.676,1.0,82.0,CQI via jldbc/coffee-quality-database (arabica_data_cleaned)
Honduras,Caturra,Natural / Dry,0.594,0.652,1.0,82.0,CQI via jldbc/coffee-quality-database (arabica_data_cleaned)
Brazil,Bourbon,Natural / Dry,0.643,0.625,1.0,82.0,CQI via jldbc/coffee-quality-database (arabica_data_cleaned)
"Tanzania, United Republic Of",Other,Washed / Wet,0.62,0.652,1.0,82.0,CQI via jldbc/coffee-quality-database (arabica_data_cleaned)
Laos,Other,Washed / Wet,0.594,0.676,1.0,82.0,CQI via jldbc/coffee-quality-database (arabica_data_cleaned)
"Tanzania, United Republic Of",Other,Washed / Wet,0.666,0.625,1.0,82.0,CQI via jldbc/coffee-quality-database (arabica_data_cleaned)
Malawi,Gesha,Washed / Wet,0.666,0.625,1.0,82.0,CQI via jldbc/coffee-quality-database (arabica_data_cleaned)
Taiwan,Typica,Washed / Wet,0.62,0.676,1.0,82.0,CQI via jldbc/coffee-quality-database (arabica_data_cleaned)
Thailand,정보없음,Washed / Wet,0.62,0.625,1.0,82.0,CQI via jldbc/coffee-quality-database (arabica_data_cleaned)
Costa Rica,Catuai,Washed / Wet,0.594,0.751,1.0,82.0,CQI via jldbc/coffee-quality-database (arabica_data_cleaned)
Honduras,Caturra,Washed / Wet,0.643,0.676,1.0,82.0,CQI via jldbc/coffee-quality-database (arabica_data_cleaned)
Colombia,Caturra,Washed / Wet,0.643,0.676,1.0,82.0,CQI via jldbc/coffee-quality-database (arabica_data_cleaned)
Taiwan,Typica,Washed / Wet,0.62,0.826,1.0,82.0,CQI via jldbc/coffee-quality-database (arabica_data_cleaned)
Brazil,Mundo Novo,Natural / Dry,0.549,0.625,1.0,82.0,CQI via jldbc/coffee-quality-database (arabica_data_cleaned)
Mexico,Typica,Washed / Wet,0.643,0.652,1.0,82.0,CQI via jldbc/coffee-quality-database (arabica_data_cleaned)
Brazil,Mundo Novo,Natural / Dry,0.643,0.625,1.0,82.0,CQI via jldbc/coffee-quality-database (arabica_data_cleaned)
Brazil,Catuai,Semi-washed / Semi-pulped,0.643,0.676,1.0,82.0,CQI via jldbc/coffee-quality-database (arabica_data_cleaned)
Guatemala,Bourbon,Natural / Dry,0.643,0.727,1.0,82.0,CQI via jldbc/coffee-quality-database (arabica_data_cleaned)
Brazil,Mundo Novo,Semi-washed / Semi-pulped,0.643,0.676,1.0,82.0,CQI via jldbc/coffee-quality-database (arabica_data_cleaned)
Guatemala,Bourbon,Washed / Wet,0.62,0.751,0.923,82.0,CQI via jldbc/coffee-quality-database (arabica_data_cleaned)
Colombia,Caturra,정보없음,0.62,0.676,1.0,82.0,CQI via jldbc/coffee-quality-database (arabica_data_cleaned)
Guatemala,Bourbon,Washed / Wet,0.666,0.7,1.0,81.92,CQI via jldbc/coffee-quality-database (arabica_data_cleaned)
Guatemala,Bourbon,Washed / Wet,0.62,0.652,1.0,81.92,CQI via jldbc/coffee-quality-database (arabica_data_cleaned)
Honduras,Caturra,Washed / Wet,0.594,0.652,1.0,81.92,CQI via jldbc/coffee-quality-database (arabica_data_cleaned)
Brazil,Catuai,Natural / Dry,0.643,0.676,1.0,81.92,CQI via jldbc/coffee-quality-database (arabica_data_cleaned)
El Salvador,Bourbon,Washed / Wet,0.643,0.676,0.923,81.92,CQI via jldbc/coffee-quality-database (arabica_data_cleaned)
Guatemala,Catuai,Washed / Wet,0.737,0.577,1.0,81.92,CQI via jldbc/coffee-quality-database (arabica_data_cleaned)
"Tanzania, United Republic Of",Other,Washed / Wet,0.62,0.676,1.0,81.92,CQI via jldbc/coffee-quality-database (arabica_data_cleaned)
Nicaragua,정보없음,Washed / Wet,0.549,0.676,1.0,81.92,CQI via jldbc/coffee-quality-database (arabica_data_cleaned)
Zambia,SL28,Washed / Wet,0.594,0.751,1.0,81.92,CQI via jldbc/coffee-quality-database (arabica_data_cleaned)
Honduras,정보없음,Washed / Wet,0.666,0.625,1.0,81.92,CQI via jldbc/coffee-quality-database (arabica_data_cleaned)
Taiwan,Typica,Other,0.571,0.676,1.0,81.92,CQI via jldbc/coffee-quality-database (arabica_data_cleaned)
Mexico,Bourbon,Washed / Wet,0.666,0.676,1.0,81.92,CQI via jldbc/coffee-quality-database (arabica_data_cleaned)
Mexico,Typica,Semi-washed / Semi-pulped,0.571,0.676,1.0,81.92,CQI via jldbc/coffee-quality-database (arabica_data_cleaned)
Mexico,Mundo Novo,Washed / Wet,0.643,0.625,1.0,81.92,CQI via jldbc/coffee-quality-database (arabica_data_cleaned)
Mexico,Other,Washed / Wet,0.666,0.652,1.0,81.92,CQI via jldbc/coffee-quality-database (arabica_data_cleaned)
Mexico,Bourbon,Washed / Wet,0.737,0.676,1.0,81.92,CQI via jldbc/coffee-quality-database (arabica_data_cleaned)
Brazil,Mundo Novo,Natural / Dry,0.643,0.625,1.0,81.92,CQI via jldbc/coffee-quality-database (arabica_data_cleaned)
Colombia,정보없음,정보없음,0.666,0.625,1.0,81.92,CQI via jldbc/coffee-quality-database (arabica_data_cleaned)
Guatemala,Bourbon,Washed / Wet,0.643,0.625,1.0,81.83,CQI via jldbc/coffee-quality-database (arabica_data_cleaned)
Costa Rica,Catuai,Pulped natural / honey,0.594,0.727,1.0,81.83,CQI via jldbc/coffee-quality-database (arabica_data_cleaned)
Brazil,Mundo Novo,Natural / Dry,0.643,0.652,1.0,81.83,CQI via jldbc/coffee-quality-database (arabica_data_cleaned)
Indonesia,Other,Other,0.714,0.802,1.0,81.83,CQI via jldbc/coffee-quality-database (arabica_data_cleaned)
Guatemala,Bourbon,Washed / Wet,0.62,0.7,1.0,81.83,CQI via jldbc/coffee-quality-database (arabica_data_cleaned)
Brazil,Yellow Bourbon,Natural / Dry,0.643,0.751,1.0,81.83,CQI via jldbc/coffee-quality-database (arabica_data_cleaned)
Brazil,Yellow Bourbon,Natural / Dry,0.477,0.727,1.0,81.83,CQI via jldbc/coffee-quality-database (arabica_data_cleaned)
Myanmar,Catuai,Washed / Wet,0.62,0.625,1.0,81.83,CQI via jldbc/coffee-quality-database (arabica_data_cleaned)
Mexico,Catuai,Washed / Wet,0.643,0.577,1.0,81.83,CQI via jldbc/coffee-quality-database (arabica_data_cleaned)
Honduras,Catuai,Washed / Wet,0.643,0.652,1.0,81.83,CQI via jldbc/coffee-quality-database (arabica_data_cleaned)
Costa Rica,Caturra,Washed / Wet,0.571,0.55,1.0,81.83,CQI via jldbc/coffee-quality-database (arabica_data_cleaned)
Taiwan,Typica,Washed / Wet,0.571,0.751,1.0,81.83,CQI via jldbc/coffee-quality-database (arabica_data_cleaned)
Indonesia,Typica,Other,0.594,0.652,1.0,81.83,CQI via jldbc/coffee-quality-database (arabica_data_cleaned)
Malawi,Gesha,Washed / Wet,0.594,0.625,1.0,81.83,CQI via jldbc/coffee-quality-database (arabica_data_cleaned)
Brazil,Bourbon,Natural / Dry,0.549,0.775,1.0,81.83,CQI via jldbc/coffee-quality-database (arabica_data_cleaned)
Honduras,Caturra,Natural / Dry,0.594,0.625,1.0,81.83,CQI via jldbc/coffee-quality-database (arabica_data_cleaned)
Mexico,Typica,Washed / Wet,0.643,0.625,1.0,81.83,CQI via jldbc/coffee-quality-database (arabica_data_cleaned)
Colombia,Caturra,Washed / Wet,0.62,0.676,1.0,81.83,CQI via jldbc/coffee-quality-database (arabica_data_cleaned)
United States (Hawaii),Hawaiian Kona,Natural / Dry,0.786,0.775,1.0,81.83,CQI via jldbc/coffee-quality-database (arabica_data_cleaned)
Brazil,Bourbon,Semi-washed / Semi-pulped,0.62,0.775,0.923,81.83,CQI via jldbc/coffee-quality-database (arabica_data_cleaned)
Guatemala,Bourbon,Washed / Wet,0.594,0.727,0.923,81.83,CQI via jldbc/coffee-quality-database (arabica_data_cleaned)
Mexico,Bourbon,Washed / Wet,0.666,0.601,1.0,81.83,CQI via jldbc/coffee-quality-database (arabica_data_cleaned)
Mexico,Typica,Semi-washed / Semi-pulped,0.643,0.676,1.0,81.83,CQI via jldbc/coffee-quality-database (arabica_data_cleaned)
Brazil,Mundo Novo,정보없음,0.643,0.676,1.0,81.83,CQI via jldbc/coffee-quality-database (arabica_data_cleaned)
Colombia,정보없음,정보없음,0.666,0.625,1.0,81.83,CQI via jldbc/coffee-quality-database (arabica_data_cleaned)
United States (Hawaii),정보없음,정보없음,0.691,0.751,1.0,81.83,CQI via jldbc/coffee-quality-database (arabica_data_cleaned)
Guatemala,Bourbon,Washed / Wet,0.62,0.652,1.0,81.75,CQI via jldbc/coffee-quality-database (arabica_data_cleaned)
Vietnam,Caturra,Washed / Wet,0.643,0.676,1.0,81.75,CQI via jldbc/coffee-quality-database (arabica_data_cleaned)
"Tanzania, United Republic Of",Other,Washed / Wet,0.62,0.625,1.0,81.75,CQI via jldbc/coffee-quality-database (arabica_data_cleaned)
Brazil,정보없음,Natural / Dry,0.571,0.652,1.0,81.75,CQI via jldbc/coffee-quality-database (arabica_data_cleaned)
Mexico,Bourbon,Washed / Wet,0.62,0.601,1.0,81.75,CQI via jldbc/coffee-quality-database (arabica_data_cleaned)
Mexico,Mundo Novo,Washed / Wet,0.691,0.625,1.0,81.75,CQI via jldbc/coffee-quality-database (arabica_data_cleaned)
Mexico,Typica,Washed / Wet,0.666,0.625,1.0,81.75,CQI via jldbc/coffee-quality-database (arabica_data_cleaned)
Mexico,Caturra,Washed / Wet,0.691,0.652,1.0,81.75,CQI via jldbc/coffee-quality-database (arabica_data_cleaned)
Mexico,Typica,Washed / Wet,0.594,0.727,1.0,81.75,CQI via jldbc/coffee-quality-database (arabica_data_cleaned)
Colombia,Caturra,Washed / Wet,0.594,0.676,1.0,81.75,CQI via jldbc/coffee-quality-database (arabica_data_cleaned)
Colombia,정보없음,정보없음,0.523,0.601,1.0,81.75,CQI via jldbc/coffee-quality-database (arabica_data_cleaned)
Brazil,Bourbon,Natural / Dry,0.643,0.676,1.0,81.67,CQI via jldbc/coffee-quality-database (arabica_data_cleaned)
Guatemala,Bourbon,Washed / Wet,0.62,0.625,1.0,81.67,CQI via jldbc/coffee-quality-database (arabica_data_cleaned)
Guatemala,Bourbon,Washed / Wet,0.691,0.625,1.0,81.67,CQI via jldbc/coffee-quality-database (arabica_data_cleaned)
Honduras,Catuai,Washed / Wet,0.594,0.652,1.0,81.67,CQI via jldbc/coffee-quality-database (arabica_data_cleaned)
"Tanzania, United Republic Of",정보없음,정보없음,0.62,0.676,1.0,81.67,CQI via jldbc/coffee-quality-database (arabica_data_cleaned)
Nicaragua,정보없음,정보없음,0.571,0.676,1.0,81.67,CQI via jldbc/coffee-quality-database (arabica_data_cleaned)
Colombia,정보없음,정보없음,0.691,0.0,1.0,81.67,CQI via jldbc/coffee-quality-database (arabica_data_cleaned)
Brazil,Yellow Bourbon,Natural / Dry,0.62,0.676,1.0,81.67,CQI via jldbc/coffee-quality-database (arabica_data_cleaned)
"Tanzania, United Republic Of",Other,Washed / Wet,0.62,0.676,1.0,81.67,CQI via jldbc/coffee-quality-database (arabica_data_cleaned)
"Tanzania, United Republic Of",Other,Washed / Wet,0.571,0.652,1.0,81.67,CQI via jldbc/coffee-quality-database (arabica_data_cleaned)
Brazil,Bourbon,Washed / Wet,0.643,0.676,1.0,81.67,CQI via jldbc/coffee-quality-database (arabica_data_cleaned)
Indonesia,Sumatra,Semi-washed / Semi-pulped,0.62,0.625,1.0,81.67,CQI via jldbc/coffee-quality-database (arabica_data_cleaned)
Honduras,Caturra,Natural / Dry,0.643,0.577,1.0,81.67,CQI via jldbc/coffee-quality-database (arabica_data_cleaned)
Costa Rica,Caturra,Washed / Wet,0.549,0.676,1.0,81.67,CQI via jldbc/coffee-quality-database (arabica_data_cleaned)
Mexico,정보없음,Washed / Wet,0.786,0.7,1.0,81.67,CQI via jldbc/coffee-quality-database (arabica_data_cleaned)
Taiwan,Typica,Semi-washed / Semi-pulped,0.571,0.652,1.0,81.67,CQI via jldbc/coffee-quality-database (arabica_data_cleaned)
Taiwan,Typica,Washed / Wet,0.62,0.625,1.0,81.67,CQI via jldbc/coffee-quality-database (arabica_data_cleaned)
Mexico,Typica,Washed / Wet,0.666,0.625,1.0,81.67,CQI via jldbc/coffee-quality-database (arabica_data_cleaned)
Guatemala,Bourbon,Washed / Wet,0.594,0.625,1.0,81.67,CQI via jldbc/coffee-quality-database (arabica_data_cleaned)
Mexico,Typica,Washed / Wet,0.691,0.727,1.0,81.67,CQI via jldbc/coffee-quality-database (arabica_data_cleaned)
Mexico,Bourbon,Washed / Wet,0.714,0.676,1.0,81.67,CQI via jldbc/coffee-quality-database (arabica_data_cleaned)
Mexico,Bourbon,Washed / Wet,0.62,0.652,1.0,81.67,CQI via jldbc/coffee-quality-database (arabica_data_cleaned)
Mexico,Bourbon,Washed / Wet,0.666,0.601,1.0,81.67,CQI via jldbc/coffee-quality-database (arabica_data_cleaned)
Mexico,Caturra,Semi-washed / Semi-pulped,0.549,0.7,1.0,81.67,CQI via jldbc/coffee-quality-database (arabica_data_cleaned)
United States (Hawaii),Hawaiian Kona,Washed / Wet,0.594,0.577,1.0,81.67,CQI via jldbc/coffee-quality-database (arabica_data_cleaned)
Honduras,Catimor,Washed / Wet,0.62,0.676,1.0,81.58,CQI via jldbc/coffee-quality-database (arabica_data_cleaned)
Guatemala,Bourbon,Washed / Wet,0.643,0.652,1.0,81.58,CQI via jldbc/coffee-quality-database (arabica_data_cleaned)
Taiwan,Typica,Washed / Wet,0.691,0.625,1.0,81.58,CQI via jldbc/coffee-quality-database (arabica_data_cleaned)
Costa Rica,Caturra,Washed / Wet,0.549,0.55,1.0,81.58,CQI via jldbc/coffee-quality-database (arabica_data_cleaned)
"Tanzania, United Republic Of",Other,Washed / Wet,0.62,0.652,1.0,81.58,CQI via jldbc/coffee-quality-database (arabica_data_cleaned)
Malawi,Gesha,Washed / Wet,0.666,0.625,1.0,81.58,CQI via jldbc/coffee-quality-database (arabica_data_cleaned)
Taiwan,Typica,Semi-washed / Semi-pulped,0.523,0.925,0.923,81.58,CQI via jldbc/coffee-quality-database (arabica_data_cleaned)
Brazil,Yellow Bourbon,Washed / Wet,0.594,0.676,1.0,81.58,CQI via jldbc/coffee-quality-database (arabica_data_cleaned)
Guatemala,Bourbon,Washed / Wet,0.666,0.652,1.0,81.58,CQI via jldbc/coffee-quality-database (arabica_data_cleaned)
Mexico,Typica,Washed / Wet,0.643,0.45,1.0,81.58,CQI via jldbc/coffee-quality-database (arabica_data_cleaned)
Mexico,Marigojipe,Natural / Dry,0.643,0.676,1.0,81.58,CQI via jldbc/coffee-quality-database (arabica_data_cleaned)
Mexico,Typica,Natural / Dry,0.666,0.7,0.847,81.58,CQI via jldbc/coffee-quality-database (arabica_data_cleaned)
Thailand,정보없음,정보없음,0.666,0.577,1.0,81.58,CQI via jldbc/coffee-quality-database (arabica_data_cleaned)
Thailand,정보없음,정보없음,0.643,0.7,1.0,81.58,CQI via jldbc/coffee-quality-database (arabica_data_cleaned)
Costa Rica,정보없음,정보없음,0.594,0.676,1.0,81.58,CQI via jldbc/coffee-quality-database (arabica_data_cleaned)
Guatemala,Bourbon,Washed / Wet,0.62,0.625,1.0,81.5,CQI via jldbc/coffee-quality-database (arabica_data_cleaned)
Nicaragua,Caturra,Other,0.594,0.601,1.0,81.5,CQI via jldbc/coffee-quality-database (arabica_data_cleaned)
Honduras,Caturra,Washed / Wet,0.62,0.577,1.0,81.5,CQI via jldbc/coffee-quality-database (arabica_data_cleaned)
Guatemala,Bourbon,정보없음,0.571,0.676,1.0,81.5,CQI via jldbc/coffee-quality-database (arabica_data_cleaned)
Taiwan,Typica,Natural / Dry,0.523,0.7,1.0,81.5,CQI via jldbc/coffee-quality-database (arabica_data_cleaned)
Myanmar,Catuai,Washed / Wet,0.643,0.625,1.0,81.5,CQI via jldbc/coffee-quality-database (arabica_data_cleaned)
Costa Rica,Caturra,Washed / Wet,0.523,0.625,1.0,81.5,CQI via jldbc/coffee-quality-database (arabica_data_cleaned)
Malawi,Gesha,Washed / Wet,0.643,0.676,1.0,81.5,CQI via jldbc/coffee-quality-database (arabica_data_cleaned)
Guatemala,Other,Washed / Wet,0.666,0.601,1.0,81.5,CQI via jldbc/coffee-quality-database (arabica_data_cleaned)
Taiwan,Typica,Washed / Wet,0.594,0.652,0.923,81.5,CQI via jldbc/coffee-quality-database (arabica_data_cleaned)
Brazil,Yellow Bourbon,Semi-washed / Semi-pulped,0.691,0.727,0.923,81.5,CQI via jldbc/coffee-quality-database (arabica_data_cleaned)
Haiti,Blue Mountain,Washed / Wet,0.62,0.652,1.0,81.5,CQI via jldbc/coffee-quality-database (arabica_data_cleaned)
Taiwan,Typica,Other,0.571,0.625,1.0,81.5,CQI via jldbc/coffee-quality-database (arabica_data_cleaned)
Mexico,Typica,Washed / Wet,0.62,0.676,1.0,81.5,CQI via jldbc/coffee-quality-database (arabica_data_cleaned)
Mexico,Typica,Washed / Wet,0.62,0.625,1.0,81.5,CQI via jldbc/coffee-quality-database (arabica_data_cleaned)
Mexico,Catuai,Washed / Wet,0.62,0.577,1.0,81.5,CQI via jldbc/coffee-quality-database (arabica_data_cleaned)
Mexico,Typica,Semi-washed / Semi-pulped,0.594,0.625,1.0,81.5,CQI via jldbc/coffee-quality-database (arabica_data_cleaned)
Mexico,Bourbon,Washed / Wet,0.549,0.601,1.0,81.5,CQI via jldbc/coffee-quality-database (arabica_data_cleaned)
Mexico,Typica,Natural / Dry,0.643,0.652,1.0,81.5,CQI via jldbc/coffee-quality-database (arabica_data_cleaned)
Indonesia,Other,Washed / Wet,0.594,0.7,1.0,81.5,CQI via jldbc/coffee-quality-database (arabica_data_cleaned)
Brazil,Bourbon,Semi-washed / Semi-pulped,0.62,0.676,1.0,81.5,CQI via jldbc/coffee-quality-database (arabica_data_cleaned)
Guatemala,Bourbon,Washed / Wet,0.62,0.577,1.0,81.5,CQI via jldbc/coffee-quality-database (arabica_data_cleaned)
Colombia,정보없음,정보없음,0.62,0.652,1.0,81.5,CQI via jldbc/coffee-quality-database (arabica_data_cleaned)
United States (Hawaii),정보없음,정보없음,0.643,0.676,1.0,81.5,CQI via jldbc/coffee-quality-database (arabica_data_cleaned)
Mexico,Mundo Novo,Washed / Wet,0.594,0.676,1.0,81.42,CQI via jldbc/coffee-quality-database (arabica_data_cleaned)
Guatemala,Catuai,Washed / Wet,0.666,0.625,1.0,81.42,CQI via jldbc/coffee-quality-database (arabica_data_cleaned)
Brazil,Catuai,Natural / Dry,0.594,0.474,1.0,81.42,CQI via jldbc/coffee-quality-database (arabica_data_cleaned)
Honduras,Catuai,Washed / Wet,0.571,0.676,1.0,81.42,CQI via jldbc/coffee-quality-database (arabica_data_cleaned)
Taiwan,Typica,Washed / Wet,0.549,0.55,1.0,81.42,CQI via jldbc/coffee-quality-database (arabica_data_cleaned)
Malawi,Gesha,Washed / Wet,0.62,0.55,1.0,81.42,CQI via jldbc/coffee-quality-database (arabica_data_cleaned)
Brazil,Bourbon,Natural / Dry,0.549,0.625,1.0,81.42,CQI via jldbc/coffee-quality-database (arabica_data_cleaned)
Guatemala,Bourbon,Washed / Wet,0.62,0.652,1.0,81.42,CQI via jldbc/coffee-quality-database (arabica_data_cleaned)
Mexico,Typica,Washed / Wet,0.549,0.601,1.0,81.42,CQI via jldbc/coffee-quality-database (arabica_data_cleaned)
Peru,정보없음,Washed / Wet,0.594,0.652,1.0,81.42,CQI via jldbc/coffee-quality-database (arabica_data_cleaned)
Guatemala,Bourbon,Washed / Wet,0.62,0.652,1.0,81.42,CQI via jldbc/coffee-quality-database (arabica_data_cleaned)
Mexico,Caturra,Washed / Wet,0.549,0.601,1.0,81.42,CQI via jldbc/coffee-quality-database (arabica_data_cleaned)
Mexico,Typica,Washed / Wet,0.571,0.676,1.0,81.42,CQI via jldbc/coffee-quality-database (arabica_data_cleaned)
Colombia,Caturra,Natural / Dry,0.549,0.577,1.0,81.42,CQI via jldbc/coffee-quality-database (arabica_data_cleaned)
Colombia,정보없음,정보없음,0.5,0.625,1.0,81.42,CQI via jldbc/coffee-quality-database (arabica_data_cleaned)
United States (Hawaii),Peaberry,정보없음,0.666,0.7,1.0,81.42,CQI via jldbc/coffee-quality-database (arabica_data_cleaned)
Colombia,Caturra,Washed / Wet,0.549,0.625,1.0,81.33,CQI via jldbc/coffee-quality-database (arabica_data_cleaned)
Honduras,Caturra,Washed / Wet,0.549,0.676,1.0,81.33,CQI via jldbc/coffee-quality-database (arabica_data_cleaned)
Mexico,정보없음,정보없음,0.62,0.7,1.0,81.33,CQI via jldbc/coffee-quality-database (arabica_data_cleaned)
Brazil,Catuai,Natural / Dry,0.594,0.625,1.0,81.33,CQI via jldbc/coffee-quality-database (arabica_data_cleaned)
Honduras,Catuai,Washed / Wet,0.62,0.577,1.0,81.33,CQI via jldbc/coffee-quality-database (arabica_data_cleaned)
Brazil,Yellow Bourbon,Other,0.571,0.652,1.0,81.33,CQI via jldbc/coffee-quality-database (arabica_data_cleaned)
Philippines,Other,Washed / Wet,0.594,0.625,1.0,81.33,CQI via jldbc/coffee-quality-database (arabica_data_cleaned)
Malawi,Gesha,Washed / Wet,0.594,0.625,1.0,81.33,CQI via jldbc/coffee-quality-database (arabica_data_cleaned)
Honduras,Catuai,Washed / Wet,0.594,0.676,1.0,81.33,CQI via jldbc/coffee-quality-database (arabica_data_cleaned)
Mexico,Typica,Washed / Wet,0.594,0.601,1.0,81.33,CQI via jldbc/coffee-quality-database (arabica_data_cleaned)
Mexico,Typica,Washed / Wet,0.62,0.7,1.0,81.33,CQI via jldbc/coffee-quality-database (arabica_data_cleaned)
Brazil,Catuai,Natural / Dry,0.643,0.751,0.923,81.33,CQI via jldbc/coffee-quality-database (arabica_data_cleaned)
Taiwan,Typica,Natural / Dry,0.737,0.775,1.0,81.25,CQI via jldbc/coffee-quality-database (arabica_data_cleaned)
Brazil,Yellow Bourbon,Natural / Dry,0.523,0.502,1.0,81.25,CQI via jldbc/coffee-quality-database (arabica_data_cleaned)
Nicaragua,Catuai,Washed / Wet,0.549,0.652,1.0,81.25,CQI via jldbc/coffee-quality-database (arabica_data_cleaned)
Honduras,Catuai,Washed / Wet,0.643,0.625,1.0,81.25,CQI via jldbc/coffee-quality-database (arabica_data_cleaned)
Guatemala,Pacamara,Washed / Wet,0.571,0.652,1.0,81.25,CQI via jldbc/coffee-quality-database (arabica_data_cleaned)
"Tanzania, United Republic Of",Other,Washed / Wet,0.643,0.601,1.0,81.25,CQI via jldbc/coffee-quality-database (arabica_data_cleaned)
Taiwan,Typica,Semi-washed / Semi-pulped,0.571,0.601,1.0,81.25,CQI via jldbc/coffee-quality-database (arabica_data_cleaned)
Guatemala,Caturra,Washed / Wet,0.666,0.526,1.0,81.25,CQI via jldbc/coffee-quality-database (arabica_data_cleaned)
Mexico,Typica,Washed / Wet,0.594,0.676,1.0,81.25,CQI via jldbc/coffee-quality-database (arabica_data_cleaned)
Nicaragua,정보없음,Washed / Wet,0.549,0.7,1.0,81.17,CQI via jldbc/coffee-quality-database (arabica_data_cleaned)
"Tanzania, United Republic Of",Bourbon,Washed / Wet,0.594,0.676,1.0,81.17,CQI via jldbc/coffee-quality-database (arabica_data_cleaned)
Mexico,Caturra,Washed / Wet,0.571,0.55,1.0,81.17,CQI via jldbc/coffee-quality-database (arabica_data_cleaned)
Costa Rica,Caturra,Washed / Wet,0.549,0.55,1.0,81.17,CQI via jldbc/coffee-quality-database (arabica_data_cleaned)
Honduras,Catuai,Natural / Dry,0.62,0.625,1.0,81.17,CQI via jldbc/coffee-quality-database (arabica_data_cleaned)
Thailand,Caturra,Washed / Wet,0.549,0.676,1.0,81.17,CQI via jldbc/coffee-quality-database (arabica_data_cleaned)
Philippines,Typica,Natural / Dry,0.523,0.7,1.0,81.17,CQI via jldbc/coffee-quality-database (arabica_data_cleaned)
"Tanzania, United Republic Of",Bourbon,Washed / Wet,0.594,0.625,1.0,81.17,CQI via jldbc/coffee-quality-database (arabica_data_cleaned)
Malawi,Caturra,Washed / Wet,0.523,0.625,1.0,81.17,CQI via jldbc/coffee-quality-database (arabica_data_cleaned)
Costa Rica,Catuai,Washed / Wet,0.571,0.625,1.0,81.17,CQI via jldbc/coffee-quality-database (arabica_data_cleaned)
Brazil,Catuai,Natural / Dry,0.62,0.625,1.0,81.17,CQI via jldbc/coffee-quality-database (arabica_data_cleaned)
Mexico,Typica,Natural / Dry,0.714,0.652,1.0,81.17,CQI via jldbc/coffee-quality-database (arabica_data_cleaned)
Guatemala,Caturra,Washed / Wet,0.571,0.601,1.0,81.17,CQI via jldbc/coffee-quality-database (arabica_data_cleaned)
Brazil,Mundo Novo,Natural / Dry,0.62,0.676,1.0,81.17,CQI via jldbc/coffee-quality-database (arabica_data_cleaned)
United States (Hawaii),정보없음,정보없음,0.691,0.652,1.0,81.17,CQI via jldbc/coffee-quality-database (arabica_data_cleaned)
Ethiopia,정보없음,Natural / Dry,0.594,0.652,1.0,81.08,CQI via jldbc/coffee-quality-database (arabica_data_cleaned)
Brazil,Mundo Novo,Natural / Dry,0.571,0.751,0.923,81.08,CQI via jldbc/coffee-quality-database (arabica_data_cleaned)
Nicaragua,Other,Washed / Wet,0.62,0.625,1.0,81.08,CQI via jldbc/coffee-quality-database (arabica_data_cleaned)
United States,Pache Comun,Natural / Dry,0.62,0.601,1.0,81.08,CQI via jldbc/coffee-quality-database (arabica_data_cleaned)
"Tanzania, United Republic Of",Other,Washed / Wet,0.571,0.601,1.0,81.08,CQI via jldbc/coffee-quality-database (arabica_data_cleaned)
Costa Rica,Caturra,Washed / Wet,0.571,0.601,1.0,81.08,CQI via jldbc/coffee-quality-database (arabica_data_cleaned)
United States (Puerto Rico),Other,Washed / Wet,0.666,0.7,1.0,81.08,CQI via jldbc/coffee-quality-database (arabica_data_cleaned)
Mexico,Typica,Washed / Wet,0.594,0.577,1.0,81.08,CQI via jldbc/coffee-quality-database (arabica_data_cleaned)
Mexico,Typica,Washed / Wet,0.62,0.601,1.0,81.08,CQI via jldbc/coffee-quality-database (arabica_data_cleaned)
Mexico,Typica,Washed / Wet,0.62,0.601,1.0,81.08,CQI via jldbc/coffee-quality-database (arabica_data_cleaned)
Mexico,Typica,Washed / Wet,0.62,0.577,1.0,81.08,CQI via jldbc/coffee-quality-database (arabica_data_cleaned)
United States (Hawaii),Hawaiian Kona,Washed / Wet,0.666,0.502,1.0,81.08,CQI via jldbc/coffee-quality-database (arabica_data_cleaned)
Brazil,Bourbon,Pulped natural / honey,0.643,0.625,1.0,81.0,CQI via jldbc/coffee-quality-database (arabica_data_cleaned)
El Salvador,Bourbon,Washed / Wet,0.594,0.601,1.0,81.0,CQI via jldbc/coffee-quality-database (arabica_data_cleaned)
Brazil,Yellow Bourbon,Pulped natural / honey,0.691,0.625,1.0,81.0,CQI via jldbc/coffee-quality-database (arabica_data_cleaned)
Guatemala,Bourbon,Washed / Wet,0.643,0.601,1.0,81.0,CQI via jldbc/coffee-quality-database (arabica_data_cleaned)
Colombia,Caturra,Washed / Wet,0.0,0.727,1.0,81.0,CQI via jldbc/coffee-quality-database (arabica_data_cleaned)
Guatemala,Bourbon,Washed / Wet,0.571,0.676,1.0,81.0,CQI via jldbc/coffee-quality-database (arabica_data_cleaned)
Taiwan,Typica,Washed / Wet,0.571,0.676,1.0,81.0,CQI via jldbc/coffee-quality-database (arabica_data_cleaned)
Honduras,Caturra,Natural / Dry,0.594,0.601,1.0,81.0,CQI via jldbc/coffee-quality-database (arabica_data_cleaned)
Brazil,Mundo Novo,Natural / Dry,0.714,0.775,1.0,81.0,CQI via jldbc/coffee-quality-database (arabica_data_cleaned)
"Tanzania, United Republic Of",Other,Washed / Wet,0.62,0.577,1.0,81.0,CQI via jldbc/coffee-quality-database (arabica_data_cleaned)
Uganda,SL14,Natural / Dry,0.594,0.652,1.0,81.0,CQI via jldbc/coffee-quality-database (arabica_data_cleaned)
Taiwan,Typica,Semi-washed / Semi-pulped,0.594,0.625,1.0,81.0,CQI via jldbc/coffee-quality-database (arabica_data_cleaned)
Thailand,정보없음,Washed / Wet,0.62,0.601,1.0,81.0,CQI via jldbc/coffee-quality-database (arabica_data_cleaned)
Mexico,Other,Washed / Wet,0.594,0.652,1.0,81.0,CQI via jldbc/coffee-quality-database (arabica_data_cleaned)
Mexico,Typica,Washed / Wet,0.691,0.7,1.0,81.0,CQI via jldbc/coffee-quality-database (arabica_data_cleaned)
Taiwan,Other,Washed / Wet,0.594,0.625,1.0,80.92,CQI via jldbc/coffee-quality-database (arabica_data_cleaned)
Guatemala,Bourbon,Washed / Wet,0.666,0.727,0.923,80.92,CQI via jldbc/coffee-quality-database (arabica_data_cleaned)
Kenya,SL28,Washed / Wet,0.643,0.826,1.0,80.92,CQI via jldbc/coffee-quality-database (arabica_data_cleaned)
Mexico,Bourbon,Washed / Wet,0.62,0.676,1.0,80.92,CQI via jldbc/coffee-quality-database (arabica_data_cleaned)
Myanmar,Other,Other,0.666,0.625,1.0,80.92,CQI via jldbc/coffee-quality-database (arabica_data_cleaned)
United States (Hawaii),Hawaiian Kona,Natural / Dry,0.549,0.7,1.0,80.92,CQI via jldbc/coffee-quality-database (arabica_data_cleaned)
"Tanzania, United Republic Of",Other,Washed / Wet,0.571,0.652,1.0,80.92,CQI via jldbc/coffee-quality-database (arabica_data_cleaned)
Brazil,Yellow Bourbon,Natural / Dry,0.571,0.601,1.0,80.92,CQI via jldbc/coffee-quality-database (arabica_data_cleaned)
Taiwan,Typica,Washed / Wet,0.523,0.55,1.0,80.92,CQI via jldbc/coffee-quality-database (arabica_data_cleaned)
Brazil,Bourbon,Natural / Dry,0.571,0.601,1.0,80.92,CQI via jldbc/coffee-quality-database (arabica_data_cleaned)
Nicaragua,Caturra,Washed / Wet,0.5,0.676,1.0,80.92,CQI via jldbc/coffee-quality-database (arabica_data_cleaned)
Guatemala,Pacas,Washed / Wet,0.643,0.601,1.0,80.92,CQI via jldbc/coffee-quality-database (arabica_data_cleaned)
Taiwan,Typica,Washed / Wet,0.571,0.601,1.0,80.92,CQI via jldbc/coffee-quality-database (arabica_data_cleaned)
Taiwan,Typica,Other,0.523,0.55,1.0,80.92,CQI via jldbc/coffee-quality-database (arabica_data_cleaned)
Taiwan,Typica,Washed / Wet,0.571,0.601,1.0,80.92,CQI via jldbc/coffee-quality-database (arabica_data_cleaned)
Mexico,Typica,Washed / Wet,0.643,0.577,1.0,80.92,CQI via jldbc/coffee-quality-database (arabica_data_cleaned)
Thailand,Peaberry,정보없음,0.594,0.577,1.0,80.92,CQI via jldbc/coffee-quality-database (arabica_data_cleaned)
Laos,Catimor,Washed / Wet,0.549,0.577,1.0,80.83,CQI via jldbc/coffee-quality-database (arabica_data_cleaned)
Guatemala,Caturra,Washed / Wet,0.594,0.577,1.0,80.83,CQI via jldbc/coffee-quality-database (arabica_data_cleaned)
Mexico,Catuai,Semi-washed / Semi-pulped,0.62,0.601,1.0,80.83,CQI via jldbc/coffee-quality-database (arabica_data_cleaned)
Mexico,Typica,Washed / Wet,0.594,0.601,1.0,80.83,CQI via jldbc/coffee-quality-database (arabica_data_cleaned)
Mexico,Bourbon,Washed / Wet,0.571,0.577,1.0,80.83,CQI via jldbc/coffee-quality-database (arabica_data_cleaned)
United States (Hawaii),Hawaiian Kona,Washed / Wet,0.571,0.625,1.0,80.83,CQI via jldbc/coffee-quality-database (arabica_data_cleaned)
Colombia,정보없음,정보없음,0.451,0.625,1.0,80.83,CQI via jldbc/coffee-quality-database (arabica_data_cleaned)
Brazil,정보없음,Natural / Dry,0.549,0.601,1.0,80.75,CQI via jldbc/coffee-quality-database (arabica_data_cleaned)
Myanmar,Catuai,Washed / Wet,0.666,0.676,1.0,80.75,CQI via jldbc/coffee-quality-database (arabica_data_cleaned)
Guatemala,Caturra,Washed / Wet,0.62,0.577,1.0,80.75,CQI via jldbc/coffee-quality-database (arabica_data_cleaned)
Nicaragua,Other,Washed / Wet,0.571,0.625,1.0,80.75,CQI via jldbc/coffee-quality-database (arabica_data_cleaned)
Honduras,Caturra,Natural / Dry,0.62,0.601,1.0,80.75,CQI via jldbc/coffee-quality-database (arabica_data_cleaned)
Panama,Caturra,Other,0.594,0.625,1.0,80.75,CQI via jldbc/coffee-quality-database (arabica_data_cleaned)
Honduras,Catuai,Washed / Wet,0.62,0.601,1.0,80.75,CQI via jldbc/coffee-quality-database (arabica_data_cleaned)
Honduras,Catuai,Natural / Dry,0.643,0.601,1.0,80.75,CQI via jldbc/coffee-quality-database (arabica_data_cleaned)
Costa Rica,Caturra,Washed / Wet,0.571,0.577,1.0,80.75,CQI via jldbc/coffee-quality-database (arabica_data_cleaned)
Mexico,Typica,Washed / Wet,0.571,0.676,1.0,80.75,CQI via jldbc/coffee-quality-database (arabica_data_cleaned)
Haiti,Typica,Washed / Wet,0.571,0.55,1.0,80.75,CQI via jldbc/coffee-quality-database (arabica_data_cleaned)
United States (Hawaii),Arusha,Natural / Dry,0.571,0.625,1.0,80.75,CQI via jldbc/coffee-quality-database (arabica_data_cleaned)
Taiwan,Typica,Other,0.523,0.652,1.0,80.67,CQI via jldbc/coffee-quality-database (arabica_data_cleaned)
Indonesia,Mandheling,Semi-washed / Semi-pulped,0.691,0.676,1.0,80.67,CQI via jldbc/coffee-quality-database (arabica_data_cleaned)
Guatemala,Bourbon,Washed / Wet,0.549,0.652,1.0,80.67,CQI via jldbc/coffee-quality-database (arabica_data_cleaned)
Costa Rica,Caturra,Washed / Wet,0.691,0.775,1.0,80.67,CQI via jldbc/coffee-quality-database (arabica_data_cleaned)
Malawi,Caturra,Washed / Wet,0.549,0.601,1.0,80.67,CQI via jldbc/coffee-quality-database (arabica_data_cleaned)
Mexico,Typica,Washed / Wet,0.571,0.577,1.0,80.67,CQI via jldbc/coffee-quality-database (arabica_data_cleaned)
Colombia,Caturra,Natural / Dry,0.691,0.676,0.616,80.67,CQI via jldbc/coffee-quality-database (arabica_data_cleaned)
Guatemala,Bourbon,Washed / Wet,0.643,0.526,1.0,80.67,CQI via jldbc/coffee-quality-database (arabica_data_cleaned)
Guatemala,Bourbon,Washed / Wet,0.594,0.526,1.0,80.67,CQI via jldbc/coffee-quality-database (arabica_data_cleaned)
Guatemala,Bourbon,Washed / Wet,0.549,0.577,1.0,80.67,CQI via jldbc/coffee-quality-database (arabica_data_cleaned)
Colombia,정보없음,정보없음,0.62,0.55,1.0,80.67,CQI via jldbc/coffee-quality-database (arabica_data_cleaned)
Brazil,정보없음,정보없음,0.523,0.7,1.0,80.58,CQI via jldbc/coffee-quality-database (arabica_data_cleaned)
Nicaragua,정보없음,정보없음,0.571,0.652,1.0,80.58,CQI via jldbc/coffee-quality-database (arabica_data_cleaned)
"Tanzania, United Republic Of",Other,Washed / Wet,0.594,0.625,1.0,80.58,CQI via jldbc/coffee-quality-database (arabica_data_cleaned)
Brazil,Bourbon,Semi-washed / Semi-pulped,0.5,0.55,1.0,80.58,CQI via jldbc/coffee-quality-database (arabica_data_cleaned)
Honduras,Caturra,Washed / Wet,0.62,0.625,1.0,80.58,CQI via jldbc/coffee-quality-database (arabica_data_cleaned)
Guatemala,Bourbon,Natural / Dry,0.643,0.577,1.0,80.58,CQI via jldbc/coffee-quality-database (arabica_data_cleaned)
United States (Hawaii),정보없음,정보없음,0.763,0.775,0.923,80.58,CQI via jldbc/coffee-quality-database (arabica_data_cleaned)
Colombia,정보없음,정보없음,0.643,0.55,1.0,80.58,CQI via jldbc/coffee-quality-database (arabica_data_cleaned)
Taiwan,Other,Natural / Dry,0.62,0.577,1.0,80.5,CQI via jldbc/coffee-quality-database (arabica_data_cleaned)
Guatemala,Caturra,Washed / Wet,0.549,0.601,1.0,80.5,CQI via jldbc/coffee-quality-database (arabica_data_cleaned)
Honduras,Catuai,Washed / Wet,0.549,0.625,1.0,80.5,CQI via jldbc/coffee-quality-database (arabica_data_cleaned)
Mauritius,정보없음,정보없음,0.549,0.601,1.0,80.5,CQI via jldbc/coffee-quality-database (arabica_data_cleaned)
Brazil,Yellow Bourbon,Semi-washed / Semi-pulped,0.643,0.625,1.0,80.5,CQI via jldbc/coffee-quality-database (arabica_data_cleaned)
Myanmar,Other,Washed / Wet,0.62,0.601,1.0,80.5,CQI via jldbc/coffee-quality-database (arabica_data_cleaned)
Guatemala,Other,Washed / Wet,0.643,0.577,1.0,80.5,CQI via jldbc/coffee-quality-database (arabica_data_cleaned)
Brazil,Yellow Bourbon,Semi-washed / Semi-pulped,0.594,0.727,1.0,80.5,CQI via jldbc/coffee-quality-database (arabica_data_cleaned)
United States (Hawaii),Hawaiian Kona,Natural / Dry,0.666,0.7,1.0,80.5,CQI via jldbc/coffee-quality-database (arabica_data_cleaned)
Guatemala,Bourbon,Washed / Wet,0.691,0.577,1.0,80.5,CQI via jldbc/coffee-quality-database (arabica_data_cleaned)
Mexico,Typica,Washed / Wet,0.594,0.601,1.0,80.5,CQI via jldbc/coffee-quality-database (arabica_data_cleaned)
Honduras,정보없음,정보없음,0.62,0.625,1.0,80.42,CQI via jldbc/coffee-quality-database (arabica_data_cleaned)
Taiwan,Typica,Washed / Wet,0.549,0.577,1.0,80.42,CQI via jldbc/coffee-quality-database (arabica_data_cleaned)
El Salvador,Bourbon,Washed / Wet,0.523,0.625,1.0,80.42,CQI via jldbc/coffee-quality-database (arabica_data_cleaned)
China,Other,Washed / Wet,0.549,0.625,1.0,80.42,CQI via jldbc/coffee-quality-database (arabica_data_cleaned)
Taiwan,Typica,Washed / Wet,0.571,0.601,1.0,80.42,CQI via jldbc/coffee-quality-database (arabica_data_cleaned)
Mexico,Typica,Washed / Wet,0.643,0.625,1.0,80.42,CQI via jldbc/coffee-quality-database (arabica_data_cleaned)
Mexico,Caturra,Washed / Wet,0.594,0.601,1.0,80.42,CQI via jldbc/coffee-quality-database (arabica_data_cleaned)
Burundi,정보없음,정보없음,0.594,0.55,1.0,80.33,CQI via jldbc/coffee-quality-database (arabica_data_cleaned)
"Tanzania, United Republic Of",Bourbon,Washed / Wet,0.571,0.652,1.0,80.33,CQI via jldbc/coffee-quality-database (arabica_data_cleaned)
"Tanzania, United Republic Of",Other,Washed / Wet,0.571,0.601,1.0,80.33,CQI via jldbc/coffee-quality-database (arabica_data_cleaned)
Taiwan,Yellow Bourbon,Other,0.571,0.601,1.0,80.33,CQI via jldbc/coffee-quality-database (arabica_data_cleaned)
Guatemala,Bourbon,Washed / Wet,0.643,0.526,1.0,80.33,CQI via jldbc/coffee-quality-database (arabica_data_cleaned)
Mexico,Typica,Semi-washed / Semi-pulped,0.594,0.625,1.0,80.33,CQI via jldbc/coffee-quality-database (arabica_data_cleaned)
United States (Hawaii),Hawaiian Kona,Washed / Wet,0.594,0.727,1.0,80.33,CQI via jldbc/coffee-quality-database (arabica_data_cleaned)
Ethiopia,정보없음,정보없음,0.594,0.676,1.0,80.33,CQI via jldbc/coffee-quality-database (arabica_data_cleaned)
Brazil,Catuai,Natural / Dry,0.523,0.526,1.0,80.25,CQI via jldbc/coffee-quality-database (arabica_data_cleaned)
Honduras,Caturra,Natural / Dry,0.5,0.652,1.0,80.25,CQI via jldbc/coffee-quality-database (arabica_data_cleaned)
Mexico,Caturra,Washed / Wet,0.594,0.625,1.0,80.25,CQI via jldbc/coffee-quality-database (arabica_data_cleaned)
Myanmar,Other,Natural / Dry,0.594,0.55,1.0,80.25,CQI via jldbc/coffee-quality-database (arabica_data_cleaned)
Myanmar,Catuai,Natural / Dry,0.5,0.577,1.0,80.25,CQI via jldbc/coffee-quality-database (arabica_data_cleaned)
Nicaragua,Caturra,Washed / Wet,0.571,0.676,1.0,80.25,CQI via jldbc/coffee-quality-database (arabica_data_cleaned)
United States (Hawaii),Hawaiian Kona,Natural / Dry,0.691,0.652,0.923,80.25,CQI via jldbc/coffee-quality-database (arabica_data_cleaned)
Colombia,Typica,Washed / Wet,0.714,0.85,0.847,80.25,CQI via jldbc/coffee-quality-database (arabica_data_cleaned)
Taiwan,Typica,Semi-washed / Semi-pulped,0.571,0.577,1.0,80.25,CQI via jldbc/coffee-quality-database (arabica_data_cleaned)
Guatemala,Caturra,Washed / Wet,0.594,0.526,1.0,80.25,CQI via jldbc/coffee-quality-database (arabica_data_cleaned)
Mexico,Caturra,Washed / Wet,0.571,0.45,1.0,80.25,CQI via jldbc/coffee-quality-database (arabica_data_cleaned)
Vietnam,Catimor,Other,0.666,0.652,1.0,80.17,CQI via jldbc/coffee-quality-database (arabica_data_cleaned)
Nicaragua,Caturra,Washed / Wet,0.594,0.601,1.0,80.17,CQI via jldbc/coffee-quality-database (arabica_data_cleaned)
Honduras,Catuai,Washed / Wet,0.549,0.55,1.0,80.17,CQI via jldbc/coffee-quality-database (arabica_data_cleaned)
Guatemala,Bourbon,Washed / Wet,0.549,0.577,1.0,80.17,CQI via jldbc/coffee-quality-database (arabica_data_cleaned)
Mexico,Typica,Washed / Wet,0.62,0.601,1.0,80.17,CQI via jldbc/coffee-quality-database (arabica_data_cleaned)
Mexico,Typica,Washed / Wet,0.643,0.55,1.0,80.17,CQI via jldbc/coffee-quality-database (arabica_data_cleaned)
Mexico,Bourbon,Washed / Wet,0.523,0.601,1.0,80.17,CQI via jldbc/coffee-quality-database (arabica_data_cleaned)
Guatemala,Bourbon,Washed / Wet,0.594,0.526,1.0,80.17,CQI via jldbc/coffee-quality-database (arabica_data_cleaned)
United States (Hawaii),정보없음,정보없음,0.594,0.727,0.923,80.17,CQI via jldbc/coffee-quality-database (arabica_data_cleaned)
Brazil,Bourbon,Pulped natural / honey,0.549,0.601,1.0,80.08,CQI via jldbc/coffee-quality-database (arabica_data_cleaned)
Taiwan,Typica,Washed / Wet,0.549,0.526,1.0,80.08,CQI via jldbc/coffee-quality-database (arabica_data_cleaned)
Nicaragua,정보없음,Natural / Dry,0.571,0.577,1.0,80.08,CQI via jldbc/coffee-quality-database (arabica_data_cleaned)
Taiwan,Typica,Other,0.571,0.55,1.0,80.08,CQI via jldbc/coffee-quality-database (arabica_data_cleaned)
Taiwan,Typica,Washed / Wet,0.5,0.601,1.0,80.08,CQI via jldbc/coffee-quality-database (arabica_data_cleaned)
Taiwan,Typica,Semi-washed / Semi-pulped,0.523,0.577,1.0,80.08,CQI via jldbc/coffee-quality-database (arabica_data_cleaned)
Mexico,Typica,Washed / Wet,0.523,0.55,1.0,80.08,CQI via jldbc/coffee-quality-database (arabica_data_cleaned)
Mexico,Typica,Washed / Wet,0.549,0.625,1.0,80.08,CQI via jldbc/coffee-quality-database (arabica_data_cleaned)
Nicaragua,Caturra,Washed / Wet,0.523,0.652,1.0,80.0,CQI via jldbc/coffee-quality-database (arabica_data_cleaned)
Myanmar,Other,Washed / Wet,0.62,0.577,1.0,80.0,CQI via jldbc/coffee-quality-database (arabica_data_cleaned)
Mexico,Typica,Washed / Wet,0.643,0.676,1.0,80.0,CQI via jldbc/coffee-quality-database (arabica_data_cleaned)
Taiwan,Typica,Washed / Wet,0.5,0.601,1.0,80.0,CQI via jldbc/coffee-quality-database (arabica_data_cleaned)
Thailand,정보없음,Washed / Wet,0.62,0.652,1.0,80.0,CQI via jldbc/coffee-quality-database (arabica_data_cleaned)
Mexico,Typica,Washed / Wet,0.549,0.625,1.0,80.0,CQI via jldbc/coffee-quality-database (arabica_data_cleaned)
Mexico,Other,Washed / Wet,0.594,0.55,1.0,80.0,CQI via jldbc/coffee-quality-database (arabica_data_cleaned)
Ethiopia,정보없음,정보없음,0.763,0.751,0.847,80.0,CQI via jldbc/coffee-quality-database (arabica_data_cleaned)
Colombia,정보없음,Washed / Wet,0.714,0.775,1.0,79.92,CQI via jldbc/coffee-quality-database (arabica_data_cleaned)
United States (Hawaii),Hawaiian Kona,Natural / Dry,0.477,0.625,1.0,79.92,CQI via jldbc/coffee-quality-database (arabica_data_cleaned)
Mexico,Bourbon,Washed / Wet,0.594,0.652,1.0,79.92,CQI via jldbc/coffee-quality-database (arabica_data_cleaned)
Mexico,Other,Washed / Wet,0.571,0.625,1.0,79.92,CQI via jldbc/coffee-quality-database (arabica_data_cleaned)
Mexico,Bourbon,Washed / Wet,0.549,0.601,1.0,79.92,CQI via jldbc/coffee-quality-database (arabica_data_cleaned)
Mexico,Catuai,Washed / Wet,0.523,0.676,1.0,79.92,CQI via jldbc/coffee-quality-database (arabica_data_cleaned)
Mexico,Typica,Natural / Dry,0.62,0.577,1.0,79.92,CQI via jldbc/coffee-quality-database (arabica_data_cleaned)
Mexico,Mundo Novo,Washed / Wet,0.666,0.625,1.0,79.92,CQI via jldbc/coffee-quality-database (arabica_data_cleaned)
United States (Hawaii),정보없음,정보없음,0.62,0.676,1.0,79.92,CQI via jldbc/coffee-quality-database (arabica_data_cleaned)
Kenya,SL34,Washed / Wet,0.549,0.601,1.0,79.83,CQI via jldbc/coffee-quality-database (arabica_data_cleaned)
Guatemala,Bourbon,Washed / Wet,0.594,0.601,1.0,79.83,CQI via jldbc/coffee-quality-database (arabica_data_cleaned)
Nicaragua,Caturra,Washed / Wet,0.477,0.676,1.0,79.83,CQI via jldbc/coffee-quality-database (arabica_data_cleaned)
Mexico,Typica,Washed / Wet,0.571,0.676,1.0,79.83,CQI via jldbc/coffee-quality-database (arabica_data_cleaned)
United States (Hawaii),Hawaiian Kona,Natural / Dry,0.549,0.676,1.0,79.83,CQI via jldbc/coffee-quality-database (arabica_data_cleaned)
Guatemala,Bourbon,Washed / Wet,0.666,0.625,0.923,79.75,CQI via jldbc/coffee-quality-database (arabica_data_cleaned)
Taiwan,Typica,Natural / Dry,0.594,0.727,0.847,79.75,CQI via jldbc/coffee-quality-database (arabica_data_cleaned)
Taiwan,Typica,Washed / Wet,0.5,0.577,1.0,79.75,CQI via jldbc/coffee-quality-database (arabica_data_cleaned)
Thailand,정보없음,Washed / Wet,0.643,0.55,1.0,79.75,CQI via jldbc/coffee-quality-database (arabica_data_cleaned)
Peru,정보없음,Washed / Wet,0.571,0.676,1.0,79.75,CQI via jldbc/coffee-quality-database (arabica_data_cleaned)
Costa Rica,Catuai,Washed / Wet,0.714,0.727,1.0,79.75,CQI via jldbc/coffee-quality-database (arabica_data_cleaned)
Mexico,Typica,Washed / Wet,0.5,0.676,1.0,79.75,CQI via jldbc/coffee-quality-database (arabica_data_cleaned)
Mexico,Bourbon,Washed / Wet,0.666,0.676,1.0,79.75,CQI via jldbc/coffee-quality-database (arabica_data_cleaned)
Mexico,Bourbon,Washed / Wet,0.549,0.577,1.0,79.75,CQI via jldbc/coffee-quality-database (arabica_data_cleaned)
Mexico,Bourbon,Washed / Wet,0.523,0.577,1.0,79.75,CQI via jldbc/coffee-quality-database (arabica_data_cleaned)
Mexico,Typica,Washed / Wet,0.523,0.55,1.0,79.75,CQI via jldbc/coffee-quality-database (arabica_data_cleaned)
Guatemala,Bourbon,Washed / Wet,0.594,0.526,0.923,79.75,CQI via jldbc/coffee-quality-database (arabica_data_cleaned)
Mexico,Typica,Washed / Wet,0.523,0.601,1.0,79.75,CQI via jldbc/coffee-quality-database (arabica_data_cleaned)
Guatemala,Bourbon,Washed / Wet,0.666,0.652,0.923,79.67,CQI via jldbc/coffee-quality-database (arabica_data_cleaned)
El Salvador,Bourbon,Washed / Wet,0.451,0.625,1.0,79.67,CQI via jldbc/coffee-quality-database (arabica_data_cleaned)
Thailand,정보없음,Washed / Wet,0.62,0.577,1.0,79.67,CQI via jldbc/coffee-quality-database (arabica_data_cleaned)
Guatemala,Bourbon,Washed / Wet,0.523,0.55,1.0,79.67,CQI via jldbc/coffee-quality-database (arabica_data_cleaned)
Mexico,Typica,Washed / Wet,0.666,0.577,1.0,79.67,CQI via jldbc/coffee-quality-database (arabica_data_cleaned)
Mexico,Caturra,Washed / Wet,0.429,0.55,1.0,79.67,CQI via jldbc/coffee-quality-database (arabica_data_cleaned)
Mexico,Mundo Novo,Washed / Wet,0.549,0.55,1.0,79.67,CQI via jldbc/coffee-quality-database (arabica_data_cleaned)
Thailand,Peaberry,정보없음,0.5,0.601,1.0,79.67,CQI via jldbc/coffee-quality-database (arabica_data_cleaned)
Mexico,Typica,Washed / Wet,0.594,0.601,1.0,79.58,CQI via jldbc/coffee-quality-database (arabica_data_cleaned)
Mexico,Caturra,Washed / Wet,0.594,0.601,1.0,79.58,CQI via jldbc/coffee-quality-database (arabica_data_cleaned)
Colombia,정보없음,정보없음,0.429,0.577,1.0,79.58,CQI via jldbc/coffee-quality-database (arabica_data_cleaned)
Guatemala,정보없음,정보없음,0.594,0.601,1.0,79.58,CQI via jldbc/coffee-quality-database (arabica_data_cleaned)
Nicaragua,Caturra,Natural / Dry,0.62,0.601,1.0,79.5,CQI via jldbc/coffee-quality-database (arabica_data_cleaned)
Taiwan,Typica,Natural / Dry,0.5,0.652,1.0,79.5,CQI via jldbc/coffee-quality-database (arabica_data_cleaned)
Colombia,Caturra,Washed / Wet,0.62,0.727,1.0,79.5,CQI via jldbc/coffee-quality-database (arabica_data_cleaned)
Mexico,Caturra,Washed / Wet,0.571,0.7,1.0,79.5,CQI via jldbc/coffee-quality-database (arabica_data_cleaned)
Mexico,Typica,Washed / Wet,0.571,0.577,1.0,79.5,CQI via jldbc/coffee-quality-database (arabica_data_cleaned)
Guatemala,Bourbon,Washed / Wet,0.666,0.625,0.923,79.42,CQI via jldbc/coffee-quality-database (arabica_data_cleaned)
Guatemala,Other,Washed / Wet,0.5,0.526,1.0,79.42,CQI via jldbc/coffee-quality-database (arabica_data_cleaned)
Mexico,Typica,Washed / Wet,0.62,0.625,1.0,79.42,CQI via jldbc/coffee-quality-database (arabica_data_cleaned)
Cote d?Ivoire,정보없음,Washed / Wet,0.5,0.625,1.0,79.33,CQI via jldbc/coffee-quality-database (arabica_data_cleaned)
Colombia,Caturra,Washed / Wet,0.571,0.652,1.0,79.33,CQI via jldbc/coffee-quality-database (arabica_data_cleaned)
Mexico,Typica,Washed / Wet,0.594,0.652,1.0,79.33,CQI via jldbc/coffee-quality-database (arabica_data_cleaned)
Mexico,Typica,Washed / Wet,0.549,0.55,1.0,79.33,CQI via jldbc/coffee-quality-database (arabica_data_cleaned)
Guatemala,Bourbon,Washed / Wet,0.571,0.7,1.0,79.33,CQI via jldbc/coffee-quality-database (arabica_data_cleaned)
Taiwan,Typica,Washed / Wet,0.571,0.652,1.0,79.25,CQI via jldbc/coffee-quality-database (arabica_data_cleaned)
Mexico,Bourbon,Washed / Wet,0.549,0.577,1.0,79.25,CQI via jldbc/coffee-quality-database (arabica_data_cleaned)
Guatemala,Bourbon,Washed / Wet,0.62,0.676,0.923,79.17,CQI via jldbc/coffee-quality-database (arabica_data_cleaned)
Honduras,Catuai,Washed / Wet,0.477,0.526,1.0,79.17,CQI via jldbc/coffee-quality-database (arabica_data_cleaned)
Guatemala,Bourbon,Washed / Wet,0.62,0.526,1.0,79.17,CQI via jldbc/coffee-quality-database (arabica_data_cleaned)
Guatemala,Catuai,Washed / Wet,0.571,0.526,1.0,79.17,CQI via jldbc/coffee-quality-database (arabica_data_cleaned)
Costa Rica,Catuai,Washed / Wet,0.786,0.601,0.616,79.17,CQI via jldbc/coffee-quality-database (arabica_data_cleaned)
Mexico,Typica,Washed / Wet,0.523,0.577,1.0,79.17,CQI via jldbc/coffee-quality-database (arabica_data_cleaned)
Mexico,Typica,Washed / Wet,0.523,0.577,1.0,79.17,CQI via jldbc/coffee-quality-database (arabica_data_cleaned)
Mexico,Typica,정보없음,0.571,0.7,1.0,79.17,CQI via jldbc/coffee-quality-database (arabica_data_cleaned)
Guatemala,Bourbon,Washed / Wet,0.62,0.727,0.847,79.08,CQI via jldbc/coffee-quality-database (arabica_data_cleaned)
United States (Puerto Rico),Other,Washed / Wet,0.594,0.625,1.0,79.08,CQI via jldbc/coffee-quality-database (arabica_data_cleaned)
Mexico,Typica,Washed / Wet,0.571,0.625,1.0,79.08,CQI via jldbc/coffee-quality-database (arabica_data_cleaned)
Mexico,Mundo Novo,Washed / Wet,0.594,0.652,1.0,79.08,CQI via jldbc/coffee-quality-database (arabica_data_cleaned)
Mexico,Typica,Washed / Wet,0.549,0.601,1.0,79.08,CQI via jldbc/coffee-quality-database (arabica_data_cleaned)
Guatemala,Other,Washed / Wet,0.62,0.55,1.0,79.0,CQI via jldbc/coffee-quality-database (arabica_data_cleaned)
Honduras,Pacas,Washed / Wet,0.5,0.526,1.0,79.0,CQI via jldbc/coffee-quality-database (arabica_data_cleaned)
Peru,Typica,Washed / Wet,0.571,0.826,0.923,79.0,CQI via jldbc/coffee-quality-database (arabica_data_cleaned)
Mexico,Mundo Novo,Natural / Dry,0.571,0.577,1.0,79.0,CQI via jldbc/coffee-quality-database (arabica_data_cleaned)
Mexico,Typica,Semi-washed / Semi-pulped,0.643,0.601,1.0,79.0,CQI via jldbc/coffee-quality-database (arabica_data_cleaned)
Mexico,Typica,Washed / Wet,0.571,0.577,1.0,79.0,CQI via jldbc/coffee-quality-database (arabica_data_cleaned)
Mexico,Typica,Washed / Wet,0.523,0.577,1.0,78.92,CQI via jldbc/coffee-quality-database (arabica_data_cleaned)
Mexico,Typica,Washed / Wet,0.523,0.502,1.0,78.92,CQI via jldbc/coffee-quality-database (arabica_data_cleaned)
Nicaragua,Caturra,Other,0.5,0.526,1.0,78.83,CQI via jldbc/coffee-quality-database (arabica_data_cleaned)
United States (Hawaii),정보없음,Natural / Dry,0.571,0.7,0.923,78.75,CQI via jldbc/coffee-quality-database (arabica_data_cleaned)
Guatemala,Bourbon,Washed / Wet,0.571,0.526,1.0,78.75,CQI via jldbc/coffee-quality-database (arabica_data_cleaned)
Mexico,Typica,Washed / Wet,0.5,0.577,1.0,78.75,CQI via jldbc/coffee-quality-database (arabica_data_cleaned)
Mexico,Typica,Semi-washed / Semi-pulped,0.571,0.55,1.0,78.75,CQI via jldbc/coffee-quality-database (arabica_data_cleaned)
Mexico,Bourbon,Washed / Wet,0.594,0.7,0.847,78.75,CQI via jldbc/coffee-quality-database (arabica_data_cleaned)
China,Typica,Washed / Wet,0.549,0.577,0.923,78.67,CQI via jldbc/coffee-quality-database (arabica_data_cleaned)
Mexico,Caturra,Washed / Wet,0.571,0.577,1.0,78.67,CQI via jldbc/coffee-quality-database (arabica_data_cleaned)
Nicaragua,정보없음,정보없음,0.451,0.55,1.0,78.58,CQI via jldbc/coffee-quality-database (arabica_data_cleaned)
Nicaragua,정보없음,Natural / Dry,0.429,0.601,1.0,78.58,CQI via jldbc/coffee-quality-database (arabica_data_cleaned)
Guatemala,Other,Washed / Wet,0.666,0.601,1.0,78.58,CQI via jldbc/coffee-quality-database (arabica_data_cleaned)
Taiwan,Typica,Washed / Wet,0.571,0.526,1.0,78.58,CQI via jldbc/coffee-quality-database (arabica_data_cleaned)
Mexico,Typica,Washed / Wet,0.594,0.502,1.0,78.58,CQI via jldbc/coffee-quality-database (arabica_data_cleaned)
Mexico,Typica,Washed / Wet,0.763,0.802,1.0,78.58,CQI via jldbc/coffee-quality-database (arabica_data_cleaned)
United States (Hawaii),정보없음,정보없음,0.62,0.45,1.0,78.58,CQI via jldbc/coffee-quality-database (arabica_data_cleaned)
Mexico,Bourbon,Washed / Wet,0.477,0.601,1.0,78.5,CQI via jldbc/coffee-quality-database (arabica_data_cleaned)
Mexico,Typica,Washed / Wet,0.5,0.526,1.0,78.5,CQI via jldbc/coffee-quality-database (arabica_data_cleaned)
Mexico,Caturra,Washed / Wet,0.451,0.7,1.0,78.5,CQI via jldbc/coffee-quality-database (arabica_data_cleaned)
Brazil,Catuai,Natural / Dry,0.523,0.502,1.0,78.42,CQI via jldbc/coffee-quality-database (arabica_data_cleaned)
Mexico,Typica,Washed / Wet,0.549,0.625,1.0,78.42,CQI via jldbc/coffee-quality-database (arabica_data_cleaned)
United States (Hawaii),Hawaiian Kona,Natural / Dry,0.737,0.802,0.847,78.33,CQI via jldbc/coffee-quality-database (arabica_data_cleaned)
Guatemala,Other,Washed / Wet,0.5,0.577,1.0,78.33,CQI via jldbc/coffee-quality-database (arabica_data_cleaned)
Guatemala,Bourbon,Washed / Wet,0.549,0.526,1.0,78.33,CQI via jldbc/coffee-quality-database (arabica_data_cleaned)
Mexico,Typica,Natural / Dry,0.643,0.625,1.0,78.33,CQI via jldbc/coffee-quality-database (arabica_data_cleaned)
Guatemala,Bourbon,Washed / Wet,0.571,0.625,1.0,78.33,CQI via jldbc/coffee-quality-database (arabica_data_cleaned)
United States (Hawaii),Hawaiian Kona,Natural / Dry,0.666,0.676,0.847,78.25,CQI via jldbc/coffee-quality-database (arabica_data_cleaned)
United States (Hawaii),Hawaiian Kona,Natural / Dry,0.643,0.727,0.923,78.25,CQI via jldbc/coffee-quality-database (arabica_data_cleaned)
Indonesia,Java,Washed / Wet,0.477,0.502,1.0,78.17,CQI via jldbc/coffee-quality-database (arabica_data_cleaned)
Mexico,Typica,Washed / Wet,0.571,0.601,1.0,78.08,CQI via jldbc/coffee-quality-database (arabica_data_cleaned)
Taiwan,Yellow Bourbon,Washed / Wet,0.549,0.676,1.0,78.0,CQI via jldbc/coffee-quality-database (arabica_data_cleaned)
Honduras,Pacas,Natural / Dry,0.5,0.526,1.0,78.0,CQI via jldbc/coffee-quality-database (arabica_data_cleaned)
United States (Hawaii),Hawaiian Kona,Natural / Dry,0.62,0.676,0.923,78.0,CQI via jldbc/coffee-quality-database (arabica_data_cleaned)
Guatemala,Other,Washed / Wet,0.594,0.526,0.923,78.0,CQI via jldbc/coffee-quality-database (arabica_data_cleaned)
China,Typica,Washed / Wet,0.523,0.625,0.923,78.0,CQI via jldbc/coffee-quality-database (arabica_data_cleaned)
Guatemala,Bourbon,Washed / Wet,0.549,0.426,1.0,78.0,CQI via jldbc/coffee-quality-database (arabica_data_cleaned)
Mexico,Other,Washed / Wet,0.5,0.601,0.769,78.0,CQI via jldbc/coffee-quality-database (arabica_data_cleaned)
Colombia,정보없음,정보없음,0.549,0.727,0.923,78.0,CQI via jldbc/coffee-quality-database (arabica_data_cleaned)
Costa Rica,Caturra,Washed / Wet,0.5,0.55,1.0,77.92,CQI via jldbc/coffee-quality-database (arabica_data_cleaned)
Mexico,Typica,Washed / Wet,0.5,0.601,1.0,77.92,CQI via jldbc/coffee-quality-database (arabica_data_cleaned)
Guatemala,Bourbon,Washed / Wet,0.523,0.625,1.0,77.92,CQI via jldbc/coffee-quality-database (arabica_data_cleaned)
Nicaragua,정보없음,정보없음,0.549,0.55,1.0,77.83,CQI via jldbc/coffee-quality-database (arabica_data_cleaned)
Brazil,정보없음,Washed / Wet,0.451,0.55,1.0,77.83,CQI via jldbc/coffee-quality-database (arabica_data_cleaned)
Guatemala,Bourbon,Washed / Wet,0.549,0.474,1.0,77.83,CQI via jldbc/coffee-quality-database (arabica_data_cleaned)
Taiwan,Typica,Washed / Wet,0.594,0.625,1.0,77.67,CQI via jldbc/coffee-quality-database (arabica_data_cleaned)
United States (Hawaii),정보없음,Natural / Dry,0.691,0.652,0.539,77.58,CQI via jldbc/coffee-quality-database (arabica_data_cleaned)
Mexico,Typica,Washed / Wet,0.429,0.474,1.0,77.5,CQI via jldbc/coffee-quality-database (arabica_data_cleaned)
Guatemala,Bourbon,Washed / Wet,0.5,0.502,1.0,77.42,CQI via jldbc/coffee-quality-database (arabica_data_cleaned)
Brazil,Bourbon,Natural / Dry,0.666,0.7,1.0,77.33,CQI via jldbc/coffee-quality-database (arabica_data_cleaned)
Guatemala,Other,Washed / Wet,0.549,0.577,0.923,77.33,CQI via jldbc/coffee-quality-database (arabica_data_cleaned)
Mexico,Typica,Washed / Wet,0.5,0.502,1.0,77.33,CQI via jldbc/coffee-quality-database (arabica_data_cleaned)
Haiti,Typica,Washed / Wet,0.429,0.502,1.0,77.25,CQI via jldbc/coffee-quality-database (arabica_data_cleaned)
United States (Hawaii),정보없음,Natural / Dry,0.406,0.7,1.0,77.25,CQI via jldbc/coffee-quality-database (arabica_data_cleaned)
Mexico,Other,Washed / Wet,0.571,0.625,1.0,77.17,CQI via jldbc/coffee-quality-database (arabica_data_cleaned)
Peru,Caturra,Washed / Wet,0.691,0.802,0.923,77.0,CQI via jldbc/coffee-quality-database (arabica_data_cleaned)
India,정보없음,Natural / Dry,0.406,0.577,0.616,76.83,CQI via jldbc/coffee-quality-database (arabica_data_cleaned)
Mexico,Typica,정보없음,0.451,0.526,1.0,76.75,CQI via jldbc/coffee-quality-database (arabica_data_cleaned)
Guatemala,Bourbon,Washed / Wet,0.594,0.324,1.0,76.5,CQI via jldbc/coffee-quality-database (arabica_data_cleaned)
Mexico,Typica,Washed / Wet,0.5,0.601,1.0,76.42,CQI via jldbc/coffee-quality-database (arabica_data_cleaned)
Guatemala,Bourbon,Washed / Wet,0.643,0.577,0.847,76.33,CQI via jldbc/coffee-quality-database (arabica_data_cleaned)
Guatemala,Bourbon,Washed / Wet,0.549,0.526,1.0,76.33,CQI via jldbc/coffee-quality-database (arabica_data_cleaned)
United States (Hawaii),Hawaiian Kona,Natural / Dry,0.549,0.625,0.923,76.25,CQI via jldbc/coffee-quality-database (arabica_data_cleaned)
United States (Hawaii),정보없음,Natural / Dry,0.666,0.727,0.769,76.17,CQI via jldbc/coffee-quality-database (arabica_data_cleaned)
Mexico,Typica,Washed / Wet,0.523,0.502,1.0,76.17,CQI via jldbc/coffee-quality-database (arabica_data_cleaned)
Indonesia,Other,Natural / Dry,0.237,0.7,0.923,76.17,CQI via jldbc/coffee-quality-database (arabica_data_cleaned)
Mexico,Bourbon,Washed / Wet,0.549,0.577,1.0,76.08,CQI via jldbc/coffee-quality-database (arabica_data_cleaned)
Honduras,Pacas,Natural / Dry,0.451,0.526,1.0,76.0,CQI via jldbc/coffee-quality-database (arabica_data_cleaned)
Philippines,정보없음,Washed / Wet,0.477,0.45,0.923,75.83,CQI via jldbc/coffee-quality-database (arabica_data_cleaned)
Brazil,정보없음,Natural / Dry,0.643,0.577,1.0,75.67,CQI via jldbc/coffee-quality-database (arabica_data_cleaned)
Guatemala,Bourbon,Washed / Wet,0.666,0.625,0.769,75.58,CQI via jldbc/coffee-quality-database (arabica_data_cleaned)
Guatemala,Bourbon,Washed / Wet,0.5,0.577,1.0,75.58,CQI via jldbc/coffee-quality-database (arabica_data_cleaned)
Mexico,Pacamara,Washed / Wet,0.5,0.577,1.0,75.5,CQI via jldbc/coffee-quality-database (arabica_data_cleaned)
Mexico,Mundo Novo,Washed / Wet,0.451,0.601,1.0,75.17,CQI via jldbc/coffee-quality-database (arabica_data_cleaned)
Mexico,Other,Washed / Wet,0.523,0.577,1.0,75.17,CQI via jldbc/coffee-quality-database (arabica_data_cleaned)
Mexico,Typica,Washed / Wet,0.549,0.652,1.0,75.17,CQI via jldbc/coffee-quality-database (arabica_data_cleaned)
Mexico,Typica,Washed / Wet,0.477,0.577,1.0,75.0,CQI via jldbc/coffee-quality-database (arabica_data_cleaned)
Mexico,Typica,Washed / Wet,0.5,0.526,1.0,74.92,CQI via jldbc/coffee-quality-database (arabica_data_cleaned)
Mexico,Typica,Washed / Wet,0.571,0.676,1.0,74.83,CQI via jldbc/coffee-quality-database (arabica_data_cleaned)
Guatemala,Bourbon,Washed / Wet,0.5,0.601,1.0,74.75,CQI via jldbc/coffee-quality-database (arabica_data_cleaned)
Guatemala,Bourbon,Washed / Wet,0.549,0.526,1.0,74.75,CQI via jldbc/coffee-quality-database (arabica_data_cleaned)
Mexico,Typica,Washed / Wet,0.643,0.625,1.0,74.67,CQI via jldbc/coffee-quality-database (arabica_data_cleaned)
United States (Hawaii),Hawaiian Kona,Natural / Dry,0.571,0.652,0.616,74.42,CQI via jldbc/coffee-quality-database (arabica_data_cleaned)
Guatemala,Bourbon,Washed / Wet,0.643,0.625,0.847,74.33,CQI via jldbc/coffee-quality-database (arabica_data_cleaned)
Mexico,Typica,Washed / Wet,0.451,0.55,1.0,74.33,CQI via jldbc/coffee-quality-database (arabica_data_cleaned)
Mexico,Typica,Washed / Wet,0.594,0.601,1.0,74.0,CQI via jldbc/coffee-quality-database (arabica_data_cleaned)
Mexico,Typica,Washed / Wet,0.666,0.625,1.0,73.83,CQI via jldbc/coffee-quality-database (arabica_data_cleaned)
United States (Hawaii),Hawaiian Kona,Natural / Dry,0.666,0.727,0.616,73.67,CQI via jldbc/coffee-quality-database (arabica_data_cleaned)
Brazil,정보없음,정보없음,0.5,0.526,1.0,73.5,CQI via jldbc/coffee-quality-database (arabica_data_cleaned)
Honduras,Pacas,Washed / Wet,0.549,0.526,0.769,73.42,CQI via jldbc/coffee-quality-database (arabica_data_cleaned)
Mexico,Typica,Washed / Wet,0.523,0.502,0.769,72.92,CQI via jldbc/coffee-quality-database (arabica_data_cleaned)
Colombia,정보없음,Natural / Dry,0.594,0.652,0.616,72.83,CQI via jldbc/coffee-quality-database (arabica_data_cleaned)
United States (Hawaii),Hawaiian Kona,Natural / Dry,0.643,0.7,0.923,72.58,CQI via jldbc/coffee-quality-database (arabica_data_cleaned)
Haiti,정보없음,정보없음,0.549,0.625,0.847,72.33,CQI via jldbc/coffee-quality-database (arabica_data_cleaned)
Costa Rica,Caturra,Washed / Wet,0.451,0.324,1.0,71.75,CQI via jldbc/coffee-quality-database (arabica_data_cleaned)
Mexico,Mundo Novo,Washed / Wet,0.477,0.577,1.0,71.08,CQI via jldbc/coffee-quality-database (arabica_data_cleaned)
Mexico,Bourbon,Washed / Wet,0.549,0.625,1.0,71.0,CQI via jldbc/coffee-quality-database (arabica_data_cleaned)
Mexico,Typica,Washed / Wet,0.477,0.652,1.0,70.75,CQI via jldbc/coffee-quality-database (arabica_data_cleaned)
Brazil,정보없음,Natural / Dry,0.5,0.625,1.0,70.67,CQI via jldbc/coffee-quality-database (arabica_data_cleaned)
Honduras,Catuai,Washed / Wet,0.406,0.474,0.769,69.33,CQI via jldbc/coffee-quality-database (arabica_data_cleaned)
Honduras,Catuai,Washed / Wet,0.406,0.375,0.769,69.17,CQI via jldbc/coffee-quality-database (arabica_data_cleaned)
Honduras,Catuai,Washed / Wet,0.357,0.426,0.769,69.17,CQI via jldbc/coffee-quality-database (arabica_data_cleaned)
Mexico,Bourbon,Washed / Wet,0.62,0.601,1.0,68.33,CQI via jldbc/coffee-quality-database (arabica_data_cleaned)
Haiti,Typica,Natural / Dry,0.406,0.55,0.539,67.92,CQI via jldbc/coffee-quality-database (arabica_data_cleaned)
Nicaragua,Caturra,Other,0.286,0.351,0.539,63.08,CQI via jldbc/coffee-quality-database (arabica_data_cleaned)
Guatemala,Catuai,Washed / Wet,0.691,0.625,0.0,59.83,CQI via jldbc/coffee-quality-database (arabica_data_cleaned)
